AEONTP_5026788_checkin_2020-1-13-16-19_f7zXETONv.jpg,x,50Z6788
AEONTP_51F86947_checkin_2020-1-13-16-15sUVxP1Ihlt.jpg,,
AEONTP_56P6961_checkin_2020-1-13-16-18chzYQvblhX.jpg,x,56P69611
AEONTP_62A02636_checkin_2020-1-13-16-14gXI_gF3J5Z.jpg,,
AEONTP_6A00530_checkin_2020-1-13-16-16i7h_Z3Ua0Y.jpg,x,51A 005.30
AEONTP_6S81U5_checkin_2020-1-13-16-18bx9UOV6rY5.jpg,,
AQUA1_17054_checkin_2020-10-23-10-17jwhBJ7kzC_.jpg,x,29H 170.54
AQUA1_25697_checkin_2020-10-23-8-17cJpC9WhKCt.jpg,x,20F 256.97
AQUA1_25697_checkin_2020-10-23-8-53U3VaS26nFf.jpg,,
AQUA1_33928_checkin_2020-10-23-8-46Pi5S8mEXah.jpg,x,29A 339.28
AQUA1_33928_checkin_2020-10-23-8-51ICUxEIQDLw.jpg,x,29A 339.28
AQUA1_40304_checkin_2020-10-25-12-277bdC7U4qUk.jpg,x,0L0304
AQUA1_43502_checkin_2020-10-23-8-17ifoUU8ftDr.jpg,x,30E 435.02
AQUA1_43502_checkin_2020-10-23-8-52NVGEHEXUkc.jpg,x,30E 435.02
AQUA1_46294_checkin_2020-10-23-10-18fmUaDsXxvM.jpg,,
AQUA1_46294_checkin_2020-10-23-8-19UnQ54DsL8f.jpg,x,29A 462.94
AQUA1_46564_checkin_2020-10-26-8-6Bx7lUNRXBR.jpg,,
AQUA1_49502_checkin_2020-10-23-7-53p0QWmANSgh.jpg,x,30E 435.02
AQUA1_58236_checkin_2020-10-23-10-27jaFmTKRSGG.jpg,,
AQUA1_60225_checkin_2020-10-26-9-32S7vPENqaNd.jpg,x,560225
AQUA1_68251_checkin_2020-10-23-9-38zxToTe0QmX.jpg,x,30A 682.51
AQUA1_68251_checkin_2020-10-23-9-41C6fwkFl2VE.jpg,x,30A68251
AQUA1_71165_checkin_2020-10-23-9-38guv8BWEboV.jpg,x,30F 711.65
AQUA1_71554_checkin_2020-10-23-10-25Eczzz4NzBd.jpg,x,30F 715.54
AQUA1_77379_checkin_2020-10-23-7-49qgsnfNum7b.jpg,,
AQUA1_77379_checkin_2020-10-23-7-51wTrMblgO9g.jpg,,
AQUA1_86034_checkin_2020-10-23-10-18j2Kr8odsYP.jpg,x,0F86034
AQUA1_86034_checkin_2020-10-23-8-18Fz6zs0eJJT.jpg,x,0F86034
AQUA1__checkout_2020-10-25-12-27hDvJVvhkk.jpg,x,0L0304
AQUA2_00084_checkin_2020-10-26-10-0MoJoBpGu0I.jpg,x,29A 000.84
AQUA2_0009_checkin_2020-10-25-8-53Jy0PEm1d2O.jpg,,
AQUA2_0009_checkin_2020-10-29-15-4239Xitox8VR.jpg,x,55S 0009
AQUA2_0009_checkin_2020-10-29-9-1NqN17YSGrR.jpg,x,56S 0009
AQUA2_0009_checkin_2020-11-2-7-27SzuD50iOif.jpg,x,56S0009
AQUA2_0009_checkoutex_2020-11-2-7-28oqoVqSb5nt.jpg,x,56S0009
AQUA2_04180_checkin_2020-10-24-8-27mco3wdTq4q.jpg,x,2DN 0E1.80
AQUA2_04180_checkin_2020-10-24-8-29xXod6kYSXz.jpg,x,30A 041.80
AQUA2_04180_checkin_2020-10-25-8-54qlMwer9LqC.jpg,,
AQUA2_04180_checkin_2020-11-2-7-21BPppqJjYMv.jpg,x,30A 041.80
AQUA2_04914_checkin_2020-11-1-15-59tA_LNjYPcp.jpg,,
AQUA2_04926_checkin_2020-10-30-11-162zkpEK7l3M.jpg,x,30A 049.26
AQUA2_05291_checkin_2020-10-24-8-16skkgir1DiX.jpg,x,58R1D5291
AQUA2_05291_checkin_2020-10-24-8-16Y3cNNcGbSu.jpg,,
AQUA2_05684_checkin_2020-11-1-15-24S9e2ulrvsu.jpg,,
AQUA2_05685_checkin_2020-10-26-15-30McH71I1WZz.jpg,x,29005885
AQUA2_05685_checkin_2020-10-26-15-31iYBCmaQio4.jpg,x,29005685
AQUA2_05685_checkin_2020-10-26-15-31jdKskibM8n.jpg,x,29005685
AQUA2_05857_checkin_2020-10-31-7-382Ogqk0lkBj.jpg,,
AQUA2_06534_checkin_2020-10-25-8-51QwZAncRDqr.jpg,,
AQUA2_06908_checkin_2020-10-25-10-45CSLLwI9s7m.jpg,,
AQUA2_06932_checkin_2020-11-2-16-3EuXNUXG7rj.jpg,,
AQUA2_07718_checkin_2020-10-26-8-41Ix7h52swuU.jpg,x,90A 022.18
AQUA2_07826_checkin_2020-10-26-9-28F_iHuI8_8Q.jpg,,
AQUA2_07826_checkin_2020-10-27-15-130u1VLLHmkp.jpg,x,18A 078.26
AQUA2_07826_checkin_2020-10-27-15-13nK58npjNE2.jpg,,
AQUA2_07881_checkin_2020-10-28-8-8jw5pZGoF3R.jpg,,
AQUA2_08929_checkin_2020-10-29-9-90TML5E2G7K.jpg,x,99A08929
AQUA2_08931_checkin_2020-10-26-8-32Eq872WszPJ.jpg,,
AQUA2_09054_checkin_2020-10-25-8-53izAIVIxu4w.jpg,,
AQUA2_09290_checkin_2020-10-22-10-47kCHb4hd9Qd.jpg,,
AQUA2_09566_checkin_2020-10-22-10-45NGiXXm1L2u.jpg,,
AQUA2_09566_checkin_2020-10-22-11-117MCLoAqWXU.jpg,,
AQUA2_09566_checkin_2020-10-25-8-462Qk2ihk4Xw.jpg,,
AQUA2_09566_checkin_2020-10-30-18-15RNKzU8V1jS.jpg,,
AQUA2_09566_checkin_2020-11-2-7-269p0xWRpZmq.jpg,,
AQUA2_10375_checkin_2020-10-25-10-48vVS6hlIUV2.jpg,,
AQUA2_121_checkin_2020-10-22-10-59tGFAocJoVO.jpg,,
AQUA2_12497_checkin_2020-10-25-8-53G_ahnwH1Kx.jpg,,
AQUA2_13467_checkin_2020-10-29-17-11mb37wFxqsz.jpg,x,98A 134.62
AQUA2_13497_checkin_2020-11-2-12-50CzIy6nrn1n.jpg,,
AQUA2_13497_checkin_2020-11-2-12-50JLLJx1nW9R.jpg,,
AQUA2_13497_checkoutex_2020-11-2-12-59lIR9OTjeVO.jpg,,
AQUA2_13497_checkoutex_2020-11-2-13-0zrP5yAEC6W.jpg,,
AQUA2_13653_checkin_2020-11-1-11-23f69pHwaybo.jpg,,
AQUA2_13780_checkin_2020-10-28-16-13H0Rj0va7NE.jpg,,
AQUA2_14436_checkin_2020-10-31-10-10eO5j566liB.jpg,,
AQUA2_14723_checkin_2020-10-25-8-55HAa0S2wZqQ.jpg,,
AQUA2_14824_checkin_2020-10-30-16-34gLfpXzo0v2.jpg,,
AQUA2_15637_checkin_2020-11-2-14-60nmBvLlHjZ.jpg,,
AQUA2_15717_checkin_2020-10-26-9-194Wqra7pkPI.jpg,,
AQUA2_15717_checkoutex_2020-10-26-18-13yYCz4eiGiA.jpg,,
AQUA2_15961_checkin_2020-11-1-9-40kNGwmy7tkz.jpg,x,9A15961
AQUA2_15963_checkin_2020-10-29-13-37GREY6pfDeU.jpg,x,215963
AQUA2_15970_checkin_2020-10-26-10-22wioS4fck1P.jpg,,
AQUA2_15970_checkin_2020-10-28-9-296pKk_sX84Q.jpg,,
AQUA2_18036_checkin_2020-10-31-12-13Fnca5nBH2o.jpg,,
AQUA2_18976_checkin_2020-10-29-13-57uaOYxAfF1x.jpg,,
AQUA2_19663_checkin_2020-10-31-7-48mDa65yh3hU.jpg,x,3DG 196.63
AQUA2_19680_checkin_2020-10-27-8-28oeFdp58Rb4.jpg,,
AQUA2_19873_checkin_2020-10-25-8-48W9pyO744tP.jpg,x,E919873
AQUA2_20449_checkin_2020-10-30-16-10k0lW5zaiRw.jpg,x,3DP 204.49
AQUA2_20449_checkin_2020-10-30-16-9aLXtrwuniF.jpg,x,30P 204.49
AQUA2_20449_checkoutex_2020-10-30-16-10uF9O9vXoMl.jpg,x,1DP 204.49
AQUA2_20477_checkin_2020-10-29-9-276prk7Qk1FY.jpg,x,3EA 204.77
AQUA2_20755_checkin_2020-10-25-8-51kUASzMhCT6.jpg,x,89020166
AQUA2_20E14A99_checkin_2020-11-2-7-47vlcTbUNO_t.jpg,,
AQUA2_21022_checkin_2020-10-28-14-11AckaCF9L7U.jpg,,
AQUA2_21413_checkin_2020-10-25-8-54e_lzk2DbBb.jpg,x,821413
AQUA2_21634_checkin_2020-10-28-9-47lsd_ZcdpM.jpg,,
AQUA2_21634_checkin_2020-10-28-9-4Y3qI5fqml7.jpg,,
AQUA2_21740_checkin_2020-11-1-15-56DxHKwQn80a.jpg,x,89A 2240
AQUA2_22734_checkin_2020-10-25-8-55HJt7MceK9R.jpg,,
AQUA2_23136_checkin_2020-10-31-13-25UWVHm9qlQk.jpg,,
AQUA2_23451_checkin_2020-10-29-16-141RBWkUPXZz.jpg,x,023451
AQUA2_25808_checkin_2020-11-1-13-86vj6kI0aXD.jpg,x,29A 258.08
AQUA2_25808_checkin_2020-11-1-13-8aUyzexvnvr.jpg,x,29A 258.08
AQUA2_25885_checkin_2020-10-27-8-13UyoZCiZ88E.jpg,x,29A 258.85
AQUA2_26144_checkin_2020-10-28-8-161KfWJBeCDS.jpg,x,30A 261.44
AQUA2_26144_checkin_2020-10-31-8-5u1pv5k3X7a.jpg,,
AQUA2_26144_checkin_2020-11-2-9-46Vkm78dMNL5.jpg,x,30A 261.44
AQUA2_26583_checkin_2020-11-1-17-4r5rEg9RMuu.jpg,x,30A26583
AQUA2_26822_checkin_2020-10-25-10-48fYQOodXH_K.jpg,,
AQUA2_27957_checkin_2020-10-28-9-58acvKfBTfym.jpg,,
AQUA2_27957_checkoutex_2020-10-28-10-0QdZyze4bMt.jpg,,
AQUA2_28131_checkin_2020-10-29-10-29hsHOlwhAON.jpg,,
AQUA2_29736_checkin_2020-10-25-8-526jV6OFy6GW.jpg,,
AQUA2_29750_checkin_2020-10-25-8-49EWDBSzEldx.jpg,x,30G 2950
AQUA2_29814_checkin_2020-10-23-10-15rS2eBVRgJC.jpg,x,98A 298.14
AQUA2_29814_checkin_2020-10-23-10-17hov4TQL7Rx.jpg,x,98A 298.14
AQUA2_29814_checkin_2020-10-23-10-868yHTsMTF2.jpg,,
AQUA2_29814_checkout_2020-10-23-10-9Hb_Jxy5SiB.jpg,,
AQUA2_29A46511_checkin_2020-10-19-9-37nyek6PX34Z.jpg,,
AQUA2_29A70998_checkin_2020-10-19-9-13NA9abX603r.jpg,,
AQUA2_29C80581_checkin_2020-11-2-16-48xYZYW2rma8.jpg,,
AQUA2_29D09566_checkin_2020-11-2-7-23xoVmRhiEQs.jpg,x,29D 095.66
AQUA2_30E32686_checkin_2020-10-31-8-2pConCtLIjI.jpg,x,30E32586
AQUA2_31553_checkin_2020-11-2-14-45U4k9PB_334.jpg,x,30G 315.53
AQUA2_31697_checkin_2020-10-27-10-24Icun84yGPC.jpg,x,30G31697
AQUA2_32245_checkin_2020-10-29-8-54Oa9hI8MHBr.jpg,,
AQUA2_32643_checkin_2020-10-27-10-506oldDb2dPw.jpg,x,U0P 326.43
AQUA2_32659_checkin_2020-10-31-10-11PDB2MoqyCe.jpg,x,30F 326.59
AQUA2_32659_checkin_2020-10-31-10-12GBl8McNMto.jpg,x,30F 3265
AQUA2_32665_checkin_2020-10-26-10-5J1mk7OxRh3.jpg,,
AQUA2_32726_checkin_2020-10-25-8-47kkdn1a6eHe.jpg,,
AQUA2_32726_checkin_2020-10-26-10-30ZFjEJky5jP.jpg,,
AQUA2_32802_checkin_2020-10-27-13-49Cg1BbnuBBk.jpg,x,DA32802
AQUA2_32951_checkin_2020-10-26-11-25cZrz0l8d2U.jpg,x,3032951
AQUA2_33254_checkin_2020-11-2-14-171KCA8igSZ9.jpg,x,99A 332.84
AQUA2_33254_checkin_2020-11-2-14-18xxjV6laalP.jpg,x,9A33254
AQUA2_33254_checkoutex_2020-11-2-14-47UtID3dgTEI.jpg,x,30G 315.53
AQUA2_33744_checkin_2020-10-26-14-8Yj73zqMEF7.jpg,x,E8A 332.44
AQUA2_33744_checkin_2020-11-1-11-322rzNlhF97.jpg,,
AQUA2_34441_checkin_2020-10-28-14-18KFDYWutRSp.jpg,,
AQUA2_35899_checkin_2020-10-31-16-49VIp06Wk1g2.jpg,,
AQUA2_37213_checkin_2020-10-26-7-16EyKRT_GdMr.jpg,,
AQUA2_37213_checkin_2020-10-26-7-17_Pzecj6tfP.jpg,,
AQUA2_37519_checkoutex_2020-11-2-9-27sFH46rmQZE.jpg,x,30A 375.19
AQUA2_37619_checkin_2020-11-2-9-24POT7I2lv36.jpg,x,30A 375.19
AQUA2_37681_checkin_2020-10-25-8-49UuijAov9X1.jpg,,
AQUA2_37986_checkin_2020-10-29-16-50XtY9BGKZIN.jpg,,
AQUA2_41171_checkin_2020-10-31-9-4y3gB6pHxEl.jpg,x,20DE 1171
AQUA2_41171_checkoutex_2020-10-31-17-33mAWvgjMnXU.jpg,,
AQUA2_42945_checkin_2020-10-31-11-49Grrdrxsi7U.jpg,,
AQUA2_43342_checkin_2020-10-22-10-52EKNCCSycwm.jpg,,
AQUA2_43755_checkin_2020-11-2-17-27IalkbuJUZk.jpg,,
AQUA2_43755_checkin_2020-11-2-17-28VatYgIGFdm.jpg,,
AQUA2_43755_checkoutex_2020-11-2-17-30KvCrSs6Gyt.jpg,,
AQUA2_44035_checkin_2020-10-29-10-20rjWQpe2qPh.jpg,x,30A 440.35
AQUA2_44101_checkin_2020-10-27-11-8VEQvs8aep_.jpg,x,30P 441.01
AQUA2_45329_checkin_2020-10-31-15-14kA9gnukddC.jpg,,
AQUA2_45676_checkin_2020-11-1-13-17YzNqOAukp.jpg,,
AQUA2_45865_checkin_2020-10-25-8-54YhfLsjWUrl.jpg,,
AQUA2_46511_checkin_2020-10-19-9-40pL7M5j7qr1.jpg,,
AQUA2_46511_checkin_2020-10-19-9-47w2n9j4MXCu.jpg,,
AQUA2_46511_checkin_2020-10-19-9-5316TJMlxS_w.jpg,,
AQUA2_46511_checkoutex_2020-10-19-9-420gLQA_U0wn.jpg,,
AQUA2_46511_checkoutex_2020-10-19-9-50wxponwmJda.jpg,,
AQUA2_46885_checkin_2020-10-26-9-40UkOmDeEUL2.jpg,x,10046885
AQUA2_4703_checkin_2020-11-2-10-60zshWBfANS.jpg,x,30M 4203
AQUA2_4880_checkin_2020-10-25-8-47SYa3F1AcoL.jpg,,
AQUA2_49020_checkoutex_2020-11-1-17-38TdBvj75488.jpg,,
AQUA2_49689_checkin_2020-11-1-12-11_sZ1ewCV1R.jpg,,
AQUA2_50483_checkin_2020-10-28-18-193H0q6KEtIM.jpg,x,30F 504.83
AQUA2_5204_checkin_2020-10-23-15-11wDy3AKRGM4.jpg,,
AQUA2_5204_checkin_2020-10-23-9-40RJUZvyaTEj.jpg,,
AQUA2_5204_checkin_2020-10-23-9-42HT_8n356q8.jpg,,
AQUA2_5204_checkin_2020-10-23-9-44lJKC6VytmA.jpg,,
AQUA2_5204_checkin_2020-10-23-9-45JDdtkE1oWz.jpg,,
AQUA2_5204_checkin_2020-10-23-9-46biT_3FLPTa.jpg,,
AQUA2_5204_checkin_2020-10-23-9-481sttoguEih.jpg,,
AQUA2_5204_checkin_2020-10-23-9-51moGM7azDqX.jpg,,
AQUA2_5204_checkin_2020-10-23-9-535vmzlbdXHc.jpg,,
AQUA2_5204_checkin_2020-10-23-9-57K2Q1LbAOHn.jpg,,
AQUA2_5204_checkoutex_2020-10-23-9-506KH3RuQ3M2.jpg,,
AQUA2_5204_checkoutex_2020-10-23-9-520QLldXNwC2.jpg,,
AQUA2_5204_checkout_2020-10-23-9-461hL90sRDAi.jpg,,
AQUA2_5204_checkout_2020-10-23-9-54t1AVKaVmuZ.jpg,,
AQUA2_5204_checkout_2020-10-23-9-57HyxGJIMyGO.jpg,,
AQUA2_52186_checkin_2020-10-25-8-513BUCwYO7uk.jpg,,
AQUA2_52374_checkin_2020-10-27-8-59xySt7LwG0f.jpg,,
AQUA2_52911_checkin_2020-10-25-10-47llGmFsu0g3.jpg,,
AQUA2_52911_checkin_2020-10-25-8-52w2paLJIm01.jpg,x,51G 529.11
AQUA2_52911_checkin_2020-11-2-15-373ysYKQN3or.jpg,x,51G 5291
AQUA2_5411_checkin_2020-10-28-10-63UcWPkfm6v.jpg,,
AQUA2_54629_checkin_2020-11-1-14-31BxA0zC7WyU.jpg,,
AQUA2_54827_checkin_2020-10-31-11-36MomsrrHfJ2.jpg,x,30A54827
AQUA2_56048_checkin_2020-11-1-9-36k31kh6FTMh.jpg,,
AQUA2_56789_checkin_2020-9-24-9-28MKWEliF0xd.jpg,,
AQUA2_56801_checkin_2020-11-1-9-58l1HDMQie_q.jpg,,
AQUA2_58226_checkin_2020-10-29-16-995IamtFWvF.jpg,,
AQUA2_58373_checkin_2020-10-29-9-48eT1I4OVstC.jpg,,
AQUA2_59464_checkin_2020-11-1-10-43zPJqQFpGHB.jpg,,
AQUA2_60431_checkoutex_2020-10-26-18-138YqSqzCoss.jpg,x,30A90546
AQUA2_60432_checkin_2020-10-26-8-50r9UZ2a91Ms.jpg,x,29A 604.32
AQUA2_60432_checkin_2020-10-31-15-17nTBPt1gx5T.jpg,x,9A60432
AQUA2_60432_checkin_2020-11-2-9-51Rx2KnII3af.jpg,x,29A 604.32
AQUA2_61086_checkin_2020-10-28-11-40ctxywPcjoU.jpg,x,30UG10B
AQUA2_61153_checkin_2020-11-1-8-33cFensNOshu.jpg,,
AQUA2_61153_checkin_2020-11-1-8-33fv6MTLn0w0.jpg,,
AQUA2_61239_checkin_2020-10-31-12-14jEuvttYNWK.jpg,,
AQUA2_62107_checkin_2020-10-29-9-30L2ccQPcf_V.jpg,,
AQUA2_63563_checkin_2020-10-23-15-48hO1W_9OLoW.jpg,x,30E53563
AQUA2_63563_checkin_2020-10-23-16-159vIoynwh5M.jpg,,
AQUA2_63563_checkin_2020-10-23-16-26LS3G57RXBq.jpg,x,30E163563
AQUA2_63563_checkout_2020-10-23-15-49zijysTn1Pd.jpg,x,30E53563
AQUA2_63563_checkout_2020-10-23-16-15A81hpOdowc.jpg,,
AQUA2_63563_checkout_2020-10-23-16-15Sa1obT0HS5.jpg,,
AQUA2_6511_checkin_2020-10-19-9-45dcrsKsOHZ7.jpg,x,29A 465.11
AQUA2_6511_checkoutex_2020-10-19-9-50V493eLC8W_.jpg,,
AQUA2_65227_checkin_2020-11-1-14-26uFngokja4G.jpg,x,29C65227
AQUA2_65847_checkin_2020-11-2-16-32w6JgmWCuwI.jpg,x,30F 6584
AQUA2_66122_checkin_2020-10-22-10-46rB6VbquCNG.jpg,,
AQUA2_67848_checkin_2020-10-26-10-441FbSmhKM6n.jpg,x,29A 628.48
AQUA2_67925_checkin_2020-10-25-8-46QIX1FgLeS2.jpg,,
AQUA2_68005_checkin_2020-10-27-9-2dGOG2MU71J.jpg,,
AQUA2_68947_checkin_2020-10-27-14-34Tl08YAwQ2E.jpg,x,15F 589.47
AQUA2_69436_checkin_2020-10-25-8-537iYzxpaWAE.jpg,,
AQUA2_70998_checkin_2020-10-19-9-16UgTCRnXirY.jpg,,
AQUA2_77998_checkin_2020-10-28-8-29mNO_N2GaTr.jpg,,
AQUA2_78340_checkin_2020-10-31-10-36wxj5VPTLef.jpg,,
AQUA2_79330_checkin_2020-10-31-14-217vJBYg0EAZ.jpg,,
AQUA2_81060_checkin_2020-11-1-11-35FaXUys4zh9.jpg,,
AQUA2_85437_checkin_2020-10-31-12-47nN35oLnza3.jpg,x,A8S432
AQUA2_85806_checkin_2020-10-29-13-16lYbcfLONB1.jpg,x,30F 858.08
AQUA2_86044_checkin_2020-10-28-16-51OVjs42oqUz.jpg,,
AQUA2_8657_checkin_2020-11-1-12-24ve9yI4wq2J.jpg,,
AQUA2_8657_checkin_2020-11-1-12-24WfGNnu5EKj.jpg,,
AQUA2_8692_checkin_2020-10-25-8-52Pgbjbqh41y.jpg,x,3078692
AQUA2_89685_checkin_2020-10-30-8-43YvsE8NyF4o.jpg,,
AQUA2_89A09096_checkin_2020-11-2-9-39mU4svUyL5c.jpg,,
AQUA2_89C13497_checkin_2020-11-2-12-560PztB3SmTP.jpg,,
AQUA2_90296_checkin_2020-10-28-17-35tB5xFLSOBz.jpg,x,1DA 902.96
AQUA2_90546_checkin_2020-10-26-17-35MvcZDYf5bs.jpg,x,30A90546
AQUA2_91799_checkin_2020-10-31-15-18ysH3wwdEBi.jpg,,
AQUA2_92619_checkin_2020-10-31-13-23hSN5DqjmLg.jpg,x,1DP 926.19
AQUA2_92645_checkin_2020-10-24-9-35ZBlS1M27P.jpg,,
AQUA2_92645_checkin_2020-10-24-9-4wuaOCV2CFL.jpg,,
AQUA2_92711_checkin_2020-10-25-8-49YbFZ6n7FDG.jpg,,
AQUA2_93591_checkin_2020-10-25-8-46pMROslbI8g.jpg,x,30F 935.91
AQUA2_93644_checkin_2020-10-25-8-51FxLc8_eJgX.jpg,x,30F 936.44
AQUA2_93815_checkin_2020-10-31-9-2zNBJ9yx8XZ.jpg,,
AQUA2_94303_checkin_2020-10-29-14-43PZ65J83E52.jpg,x,51G94303
AQUA2_94515_checkin_2020-10-30-15-31IY8KJEGP4C.jpg,x,30E 9455
AQUA2_95280_checkin_2020-10-30-10-30BtMOvYaZJI.jpg,x,10F 952.80
AQUA2_95394_checkin_2020-10-31-11-2uFpYxFnvy_.jpg,x,29A 953.94
AQUA2_95404_checkin_2020-10-28-17-52ZTb5uAkgHl.jpg,x,1E95404
AQUA2_97025_checkin_2020-10-26-7-35Qa6PUpYN1P.jpg,x,30F 970.25
AQUA2_97701_checkin_2020-10-27-11-30SGrEwo1aPT.jpg,x,25N 977.01
AQUA2_97701_checkin_2020-10-28-10-31H0LcKWiAgk.jpg,,
AQUA2_97701_checkoutex_2020-10-27-13-43U4YinLOaau.jpg,,
AQUA2_98366_checkin_2020-10-28-9-1uj4vIRH6Kj.jpg,,
AQUA2_99127_checkin_2020-11-1-12-25WMTe5Xz8Z7.jpg,,
AQUA2_99344_checkin_2020-10-25-10-48zfKou6sq9a.jpg,,
AQUA2_99523_checkin_2020-10-30-9-35jB61LoV1uk.jpg,,
AQUA2_9986_checkin_2020-10-31-10-466RGaQRMDJW.jpg,,
AQUA2_null_checkoutex_2020-10-19-9-15jJa0m17z74.jpg,,
AQUA2_null_checkoutex_2020-10-19-9-17b8gAC73hdU.jpg,,
AQUA2_null_checkoutex_2020-10-19-9-17BFeM3vEDjh.jpg,,
AQUA2_null_checkoutex_2020-10-19-9-17KbPK54IqnK.jpg,,
AQUA2_null_checkoutex_2020-10-19-9-18MaqkNqJ1pn.jpg,,
AQUA2_null_checkoutex_2020-10-19-9-57_T4dAnYAye.jpg,,
AQUA2_Y0426_checkin_2020-10-26-15-52iHucXh8UV.jpg,x,30S 0426
AQUA2_Y0426_checkoutex_2020-10-26-18-17ZGI2adb24J.jpg,,
AQUA2__checkout_2020-10-25-10-51Kaw1nijyMK.jpg,,
AQUA2__checkout_2020-10-25-10-53tQpqWBL9FQ.jpg,,
AQUA2__checkout_2020-10-26-10-68ObNuxDLrX.jpg,,
AQUA2__checkout_2020-10-26-7-247eXFqPBqYP.jpg,,
AQUA2__checkout_2020-10-26-7-51j9G2XHYAds.jpg,x,30F 970.25
AQUA2__checkout_2020-10-26-8-14XOceGGTJrz.jpg,x,29A 023.43
AQUA2__checkout_2020-10-26-8-419hDVaxqln9.jpg,x,90A 022.18
AQUA2__checkout_2020-10-26-8-48B9aLRyJw5I.jpg,x,90A 022.18
AQUA2__checkout_2020-10-26-9-48i6LBAGc_oz.jpg,x,10046885
AQUA2__checkout_2020-10-27-10-52CdwGd3BNX0.jpg,x,U0P 326.43
AQUA2__checkout_2020-10-27-11-15b_P3z2SHnw.jpg,x,30P 441.01
AQUA2__checkout_2020-10-28-18-24quNv9CBUlr.jpg,x,30F 504.83
AQUA2__checkout_2020-10-28-8-156i5gvktxRc.jpg,,
AQUA2__checkout_2020-10-28-8-38Mtsln3KIhA.jpg,,
AQUA2__checkout_2020-10-28-9-4d4MvWuuN8s.jpg,,
AQUA2__checkout_2020-10-29-10-440uRQ6Y3xeF.jpg,,
AQUA2__checkout_2020-10-29-11-370ZV1qTtGsM.jpg,x,1D003918
AQUA2__checkout_2020-10-29-16-11bBiz0djdlM.jpg,,
AQUA2__checkout_2020-10-29-16-30uOCRIrHzA3.jpg,x,023451
AQUA2__checkout_2020-10-29-17-14a6Pr0M407G.jpg,x,98A 134.62
AQUA2__checkout_2020-10-29-9-24WV2h5A6OW1.jpg,x,99A08929
AQUA2__checkout_2020-10-29-9-58jy7Lae9GYD.jpg,,
AQUA2__checkout_2020-10-29-9-5CSoAYDMVdZ.jpg,x,56S 0009
AQUA2__checkout_2020-10-31-18-14y2HURH_qgn.jpg,,
AQUA2__checkout_2020-10-31-8-92oNzqbDZFh.jpg,,
AQUA2__checkout_2020-11-1-11-30T_2pNHXC49.jpg,,
AQUA2__checkout_2020-11-1-17-5XW15PC9bBg.jpg,x,30A26583
AQUA2__checkout_2020-11-1-9-57A5LipEKr1u.jpg,x,9A15961
AQUA2__checkout_2020-11-2-15-4TB3R4qX21j.jpg,x,30G 315.53
AQUA2__checkout_2020-11-2-16-13brS2iCuWAl.jpg,,
AQUA2__checkout_2020-11-2-7-22iITx6tjYB3.jpg,x,30A 041.80
AQUA2__checkout_2020-11-2-7-27EC68B1lVQf.jpg,,
AQUA4_01418_checkin_2020-10-22-13-28x1xGZQit5B.jpg,,
AQUA4_01418_checkin_2020-10-23-8-21dzTuWFnvMT.jpg,x,36A 014.18
AQUA4_01418_checkin_2020-10-23-8-30V_A_uWFhhN.jpg,x,36A 014.18
AQUA4_01418_checkin_2020-10-23-8-34AWfpPOgyfw.jpg,x,36A 014.18
AQUA4_01418_checkoutex_2020-10-23-8-42EJ1VkjYWIr.jpg,x,36A 014.18
AQUA4_01771_checkin_2020-10-26-18-31xoumolnhXC.jpg,x,29A 017.71
AQUA4_02042_checkin_2020-10-22-8-7uNaClCzy0w.jpg,,
AQUA4_02042_checkin_2020-10-22-8-8wlC0iiPXVw.jpg,x,29H02042
AQUA4_02343_checkin_2020-10-29-10-2FJinSQHIDo.jpg,x,15A 023.43
AQUA4_02866_checkin_2020-11-2-14-47Yg1UbdErYZ.jpg,,
AQUA4_02965_checkin_2020-10-31-14-52Ngkc7elxqG.jpg,,
AQUA4_03038_checkin_2020-10-31-11-17Met0ZZ7rpX.jpg,x,20A 030.38
AQUA4_03336_checkin_2020-10-26-8-35bA7bzcTDJ3.jpg,x,88A 033.36
AQUA4_03523_checkin_2020-10-25-15-12ulXbmqjH2w.jpg,,
AQUA4_03523_checkin_2020-10-25-15-21orl_DOEzDm.jpg,,
AQUA4_03523_checkin_2020-10-25-15-24sBLha486qp.jpg,,
AQUA4_03523_checkin_2020-10-25-15-28E_twfjXWt9.jpg,,
AQUA4_03523_checkin_2020-10-25-15-29vGvhUPuMa0.jpg,,
AQUA4_03523_checkin_2020-10-25-15-4GRsFbMrRIs.jpg,,
AQUA4_03523_checkoutex_2020-10-25-15-2684I4NRektd.jpg,,
AQUA4_04473_checkin_2020-11-1-15-36aiUy5MuNb.jpg,,
AQUA4_04999_checkin_2020-10-25-15-510k68m6L0hM.jpg,x,290E999
AQUA4_05080_checkin_2020-10-27-10-38emKqeKy71E.jpg,,
AQUA4_06596_checkin_2020-10-25-16-15cg8A3EFbAB.jpg,,
AQUA4_06596_checkin_2020-10-25-16-184O4xwwl8_7.jpg,,
AQUA4_070762_checkin_2020-10-26-9-20UTiCiOvtu9.jpg,,
AQUA4_07227_checkin_2020-10-30-10-591KEMBV603q.jpg,x,30F 072.27
AQUA4_07227_checkin_2020-10-30-10-59f37836kaz0.jpg,x,30F 072.27
AQUA4_07394_checkin_2020-10-26-16-5UF3WXRretJ.jpg,x,89A 073.94
AQUA4_07394_checkin_2020-10-26-8-30B5LKYu4iE5.jpg,x,89A 073.94
AQUA4_07758_checkin_2020-10-24-7-156iItPFth45.jpg,x,89A07758
AQUA4_07758_checkin_2020-10-24-7-15VUd2e5bDOG.jpg,,
AQUA4_07758_checkin_2020-10-24-7-18AgZj5VFIdH.jpg,,
AQUA4_07758_checkin_2020-10-24-7-18Zkz2TWr4VT.jpg,,
AQUA4_07758_checkin_2020-10-25-15-492__ER4WdF_.jpg,,
AQUA4_07758_checkin_2020-11-1-12-55N3MWmusol_.jpg,,
AQUA4_07758_checkout_2020-10-24-7-16hvRFBRCCrk.jpg,,
AQUA4_07758_checkout_2020-10-24-7-19pu4AMqxZS2.jpg,,
AQUA4_08079_checkin_2020-10-27-12-27ESb6KN6Szi.jpg,x,88A 080.79
AQUA4_08531_checkin_2020-10-29-11-11aqW4okvzFI.jpg,x,21A 0853
AQUA4_08531_checkin_2020-10-29-11-11OVPKU35mdT.jpg,x,1A08531
AQUA4_09054_checkin_2020-10-25-15-54cOzx2yLg1Q.jpg,,
AQUA4_09257_checkin_2020-10-25-14-30i1DNDLdoMZ.jpg,x,309295
AQUA4_10317_checkin_2020-10-26-10-45niWUEbEaIt.jpg,,
AQUA4_10428_checkin_2020-10-31-16-54k2LxYCbcvY.jpg,x,1DG 10E.28
AQUA4_10432_checkin_2020-10-27-15-21hSHkdWbbti.jpg,,
AQUA4_10993_checkin_2020-10-26-9-59Q9SC1vK434.jpg,x,59N 109.93
AQUA4_11111_checkin_2020-10-31-12-22UPzJSCQUDs.jpg,,
AQUA4_11155_checkin_2020-10-31-16-44vhZZgCVCee.jpg,,
AQUA4_13017_checkin_2020-10-27-12-42Sdx4Tz0sO2.jpg,x,1DP 1031
AQUA4_13864_checkin_2020-10-25-15-16C5G081f3uV.jpg,,
AQUA4_13864_checkin_2020-10-25-15-7SQ_vlSpsdJ.jpg,,
AQUA4_13864_checkout_2020-10-25-15-19im5BvcNji4.jpg,,
AQUA4_15292_checkin_2020-11-1-15-43SRPUvqHBqy.jpg,,
AQUA4_15530_checkin_2020-10-24-8-22RwDtfOGqtE.jpg,x,89A 155.30
AQUA4_15530_checkin_2020-10-24-8-22Xc5GuIylth.jpg,,
AQUA4_15530_checkin_2020-10-25-14-53LCxcaM2LnX.jpg,,
AQUA4_15530_checkin_2020-10-25-14-55rJEF9ePMB6.jpg,,
AQUA4_15676_checkin_2020-10-24-8-41wXngkqUXt7.jpg,,
AQUA4_15695_checkin_2020-10-30-17-39YEFYrhzCKd.jpg,x,3DF 156.95
AQUA4_1636_checkin_2020-10-27-14-24kRrU5wwy5z.jpg,,
AQUA4_17764_checkin_2020-10-26-16-0iKddsNgLE5.jpg,,
AQUA4_17888_checkin_2020-11-2-10-54n7rkYMs7cD.jpg,x,9A17888
AQUA4_185177_checkin_2020-10-31-9-23Pdr1ab0Lml.jpg,x,89A 185.77
AQUA4_1866_checkin_2020-10-27-17-41xcpMJxftU0.jpg,,
AQUA4_1866_checkin_2020-10-28-18-162nxKGNxl2S.jpg,,
AQUA4_19185_checkin_2020-10-28-12-583ReYE7alsM.jpg,x,30G 9185
AQUA4_19535_checkin_2020-10-28-12-36EgckERbky0.jpg,,
AQUA4_19599_checkin_2020-10-24-8-49JeWlNV39Wh.jpg,,
AQUA4_19599_checkin_2020-10-24-8-51CWS0TxwCRt.jpg,,
AQUA4_20388_checkin_2020-10-30-18-6Lp7OpJkuYv.jpg,x,30A 203.88
AQUA4_20664_checkin_2020-10-29-15-33ncT9bTy65C.jpg,x,59N 206.64
AQUA4_21510_checkin_2020-10-28-17-433PdtuFRKj4.jpg,,
AQUA4_21510_checkin_2020-10-30-17-15CAkuzVboaU.jpg,x,30P 2151
AQUA4_21596_checkin_2020-10-26-15-18PmBEyHSFm8.jpg,x,29D 215.96
AQUA4_21596_checkin_2020-10-26-15-18rl5M3jVBdB.jpg,x,19D 21S.98
AQUA4_25649_checkin_2020-10-25-14-43VqoQev94yx.jpg,,
AQUA4_25649_checkin_2020-10-25-14-475C5NOWHJeM.jpg,,
AQUA4_25649_checkin_2020-10-25-14-48O4sqvOndJt.jpg,,
AQUA4_25649_checkin_2020-10-26-16-21FP4mN2pDW_.jpg,x,36A 256.49
AQUA4_25649_checkin_2020-11-1-15-2p2bDZJsOXd.jpg,,
AQUA4_26128_checkin_2020-11-1-15-47kFnCiOFAy2.jpg,,
AQUA4_26144_checkin_2020-10-23-17-31b0GmDfCsj.jpg,,
AQUA4_26449_checkin_2020-11-1-10-19uZmFUOdSFa.jpg,x,2F7EU49
AQUA4_26449_checkin_2020-11-2-10-224Od1rrvTBS.jpg,,
AQUA4_26549_checkin_2020-10-29-17-45mbLVRN2JNy.jpg,,
AQUA4_26A01418_checkin_2020-10-22-9-5TQGUsndlp8.jpg,x,6A0418
AQUA4_28620_checkin_2020-10-28-13-46zcmvpuwdtU.jpg,,
AQUA4_2H15079_checkin_2020-10-22-13-29qqfjp143Q9.jpg,x,29H 150.79
AQUA4_32598_checkin_2020-10-26-7-33cy8p9abOJm.jpg,x,30F 325.98
AQUA4_32598_checkin_2020-10-26-7-33Ll6zJ8UTMO.jpg,x,30F 325.98
AQUA4_32802_checkin_2020-10-22-8-13n2YN0NFPct.jpg,,
AQUA4_32802_checkin_2020-10-22-8-14n6axlmCzxv.jpg,x,98132802
AQUA4_34588_checkin_2020-10-25-14-50R4R3QfK3W8.jpg,,
AQUA4_34588_checkin_2020-10-25-15-57_T7Z9yQEni.jpg,,
AQUA4_34588_checkout_2020-10-25-14-52vT5KZlMYB0.jpg,,
AQUA4_35217_checkin_2020-11-1-14-9CeBldlFtG3.jpg,,
AQUA4_35392_checkin_2020-11-1-13-0439N1SY4VT.jpg,,
AQUA4_36257_checkin_2020-10-29-18-98rdxnnEnIU.jpg,x,29A 362.57
AQUA4_36456_checkin_2020-10-31-9-45EKE88sU3EJ.jpg,,
AQUA4_36509_checkin_2020-10-24-7-56uEr6N8a8ig.jpg,,
AQUA4_39814_checkin_2020-11-1-14-7rwat0Zh5Gb.jpg,,
AQUA4_42050_checkin_2020-10-28-9-37tL6xHo5DZu.jpg,x,29E 2050
AQUA4_42050_checkin_2020-10-29-14-8BggWgWGjMm.jpg,x,29A 420.50
AQUA4_42050_checkin_2020-10-29-7-51896EW1GGEv.jpg,x,29E 2050
AQUA4_42050_checkin_2020-10-29-7-525zR8UiKb0j.jpg,x,29AE 2050
AQUA4_42050_checkin_2020-10-31-14-19TW8Z0JBQ2h.jpg,x,25E 2050
AQUA4_43912_checkin_2020-10-28-14-29ucnUzK9AcS.jpg,x,30G 439.12
AQUA4_46189_checkin_2020-10-26-17-13vAzvOY2T9y.jpg,x,10FL 689
AQUA4_46189_checkin_2020-10-27-17-14NfaaooJvgN.jpg,x,0P1G189
AQUA4_46189_checkin_2020-10-28-17-40mUq_rbzcEB.jpg,x,30F 4618
AQUA4_46748_checkin_2020-10-31-8-37nBtP_h4XNk.jpg,x,30A 467.48
AQUA4_48917_checkin_2020-10-26-17-3809eHbgHDmv.jpg,x,DL8917
AQUA4_48917_checkin_2020-10-26-17-38r3lWin91ka.jpg,,
AQUA4_49056_checkin_2020-10-25-15-37TrBmGILxvj.jpg,,
AQUA4_49536_checkin_2020-10-27-8-2d8PfskBA_m.jpg,x,30E 495.36
AQUA4_50833_checkin_2020-10-31-16-390dAkta7eRm.jpg,,
AQUA4_50833_checkin_2020-11-1-9-14TFNq6mEEjZ.jpg,x,0F50833
AQUA4_51511_checkin_2020-10-28-9-30LPDv1cttRf.jpg,,
AQUA4_56695_checkin_2020-11-1-13-57nEVXm5NbaP.jpg,,
AQUA4_56695_checkin_2020-11-1-14-3AtzBMVWLxU.jpg,,
AQUA4_5724_checkin_2020-11-2-15-41QZKCPVaORZ.jpg,,
AQUA4_59068_checkin_2020-10-30-15-13_Ia6JRSjwK.jpg,,
AQUA4_60123_checkin_2020-10-29-11-26f6629Si2RI.jpg,,
AQUA4_65939_checkin_2020-10-26-8-5BF5cy4t146.jpg,x,30F 659.39
AQUA4_6767_checkin_2020-10-31-17-23M_8qb1K8Ow.jpg,,
AQUA4_67941_checkin_2020-10-31-10-19vpIQ89F6ri.jpg,x,30F 679.41
AQUA4_6918_checkin_2020-10-25-16-8SlCn2__cZa.jpg,,
AQUA4_69919_checkin_2020-10-22-13-297k4G8QsxTv.jpg,x,AH69919
AQUA4_69919_checkin_2020-10-22-16-12UZK6rRePEp.jpg,x,0A6991
AQUA4_70192_checkin_2020-10-25-16-6xgDdYy5t60.jpg,,
AQUA4_70192_checkin_2020-10-31-16-10GYHXSX2wuM.jpg,,
AQUA4_70442_checkin_2020-10-27-9-53kKdoa__4Vk.jpg,x,30F 704.42
AQUA4_71103_checkin_2020-10-29-15-18Hiktgyiiem.jpg,x,30A 711.03
AQUA4_71103_checkin_2020-10-30-16-49fmhlrXzwPK.jpg,x,30A 711.03
AQUA4_71103_checkin_2020-10-31-13-56naC25OZ1Ow.jpg,,
AQUA4_71193_checkin_2020-11-1-16-46SaQDa_pYYv.jpg,x,A71103
AQUA4_71578_checkin_2020-10-22-7-47wRGYt_7QP0.jpg,x,3071578
AQUA4_71578_checkin_2020-10-22-7-49m5cRhq5vBO.jpg,x,U71578
AQUA4_71578_checkin_2020-10-22-7-544Vi6Pf0JBJ.jpg,,
AQUA4_71578_checkin_2020-10-22-7-56itX_TPVjAV.jpg,,
AQUA4_71578_checkin_2020-10-22-7-59q8IaONFa9F.jpg,,
AQUA4_72929_checkin_2020-10-30-15-5333er92waDI.jpg,x,30F 729.29
AQUA4_74338_checkin_2020-11-1-9-30nr6jL8uC5z.jpg,,
AQUA4_74905_checkin_2020-10-28-13-13Liafu5cFcc.jpg,,
AQUA4_7584_checkin_2020-10-26-8-38zKRMpny6jG.jpg,,
AQUA4_76121_checkin_2020-11-1-9-1761rVrd8KMv.jpg,x,30A 761.21
AQUA4_76791_checkin_2020-10-23-17-2HFiJNNsYuD.jpg,x,30A 767.91
AQUA4_77397_checkin_2020-10-23-8-390PQG_ymP23.jpg,x,36A 014.18
AQUA4_77397_checkin_2020-10-23-8-46fibjWWxkXU.jpg,,
AQUA4_7986_checkin_2020-10-24-16-2mK3TUhwszG.jpg,x,31F 7986
AQUA4_81936_checkin_2020-11-1-17-8aAUH4wVIIb.jpg,,
AQUA4_82506_checkin_2020-10-24-7-53nN8XkyyBzh.jpg,x,29C 825.0B
AQUA4_82506_checkin_2020-10-29-7-50HoisZF1BAd.jpg,x,129C82506
AQUA4_82506_checkout_2020-10-24-7-53C7QrZaRNbR.jpg,x,29C 825.0B
AQUA4_82506_checkout_2020-10-24-7-54yw4j_9luRF.jpg,x,29C 825.0B
AQUA4_84922_checkin_2020-11-1-14-34aOPgrUOfYp.jpg,,
AQUA4_88459_checkin_2020-10-29-10-33Z72DjnFCRi.jpg,x,30A 884.59
AQUA4_89068_checkin_2020-11-1-12-16H3S6eEOIFY.jpg,,
AQUA4_89685_checkin_2020-10-28-8-45jGRCaX2vG1.jpg,,
AQUA4_90F77294_checkin_2020-10-26-11-12YApuXMZvoW.jpg,x,30F 772.94
AQUA4_91149_checkin_2020-10-31-12-47RAXknFEHSI.jpg,x,10F 911.49
AQUA4_91866_checkin_2020-11-2-14-489hrWRUbYHM.jpg,,
AQUA4_92450_checkin_2020-10-27-14-36GxPqWq9PQ9.jpg,,
AQUA4_92840_checkin_2020-10-31-13-22Mso04uDf58.jpg,x,20F 928.40
AQUA4_HIXON_checkin_2020-10-22-13-300E3GVjWjCX.jpg,,
AQUA4_null_checkoutex_2020-10-25-14-33QaWriceEuX.jpg,,
AQUA4_YLYY T1Y_checkoutex_2020-10-24-7-175LaWGszKWc.jpg,,
AQUA4_YLYY T1Y_checkoutex_2020-10-24-7-178E7kvky97T.jpg,,
AQUA4_YLYY T1Y_checkoutex_2020-10-24-7-17nrOp5jhE7q.jpg,,
AQUA4_YLYY T1Y_checkoutex_2020-10-24-7-17oP1odfI4MA.jpg,,
AQUA4__checkout_2020-10-22-7-57ZqkksEwwC4.jpg,,
AQUA4__checkout_2020-10-23-17-6Nl4dakbLdM.jpg,,
AQUA4__checkout_2020-10-23-17-6_uTstdlG2m.jpg,,
AQUA4__checkout_2020-10-23-17-7EfCiqNuDbE.jpg,,
AQUA4__checkout_2020-10-23-17-7qozdqiroS0.jpg,,
AQUA4__checkout_2020-10-23-17-7sO6kKUeoBO.jpg,,
AQUA4__checkout_2020-10-23-8-21vq8Xb911PT.jpg,x,36A 014.18
AQUA4__checkout_2020-10-24-8-224Wr7Pykw4Z.jpg,,
AQUA4__checkout_2020-10-25-15-29kBDfNG4DtL.jpg,,
AQUA4__checkout_2020-10-25-15-30RDy23LXAKw.jpg,,
AQUA4__checkout_2020-10-25-15-378hht5OpWtJ.jpg,,
AQUA4__checkout_2020-10-25-15-50PvyOLZSkVX.jpg,,
AQUA4__checkout_2020-10-25-15-52zbrgUHjLwX.jpg,x,290E999
AQUA4__checkout_2020-10-25-15-55vFz2gn7KdF.jpg,,
AQUA4__checkout_2020-10-25-15-57cEnGnrl6nA.jpg,,
AQUA4__checkout_2020-10-25-16-16h1LY6tXqJ3.jpg,,
AQUA4__checkout_2020-10-25-16-18mzgV4oVQPS.jpg,,
AQUA4__checkout_2020-10-25-16-7QoqWO7drgU.jpg,,
AQUA4__checkout_2020-10-26-10-2jaRko6AlI7.jpg,x,59N 109.93
AQUA4__checkout_2020-10-26-8-32UOBjJcSFSo.jpg,x,89A 073.94
AQUA4__checkout_2020-10-27-10-41QjUEmHhXqf.jpg,,
AQUA4__checkout_2020-10-29-15-34mORAVKOYQ7.jpg,x,59N 206.64
AQUA5_00082_checkin_2020-11-2-17-22WNUwb21yf4.jpg,,
AQUA5_00567_checkin_2020-11-2-10-33zfrAPN14LL.jpg,,
AQUA5_00590_checkin_2020-10-27-17-33niQveHFuGE.jpg,,
AQUA5_00635_checkin_2020-10-26-13-32nZs5JzM_Gz.jpg,x,1500635
AQUA5_00635_checkin_2020-11-1-17-3148ZtOahbe.jpg,x,15A 006.35
AQUA5_0064_checkin_2020-10-23-15-1578RGxXSSoA.jpg,,
AQUA5_01799_checkin_2020-10-23-17-14pdD8jVvzl8.jpg,x,29D 017.99
AQUA5_02474_checkin_2020-10-26-14-51Z4K3gp1b_1.jpg,x,D02474
AQUA5_03523_checkin_2020-10-25-12-496emHYWA5tH.jpg,,
AQUA5_03523_checkin_2020-10-25-14-52Ee7sQnP2al.jpg,,
AQUA5_03560_checkin_2020-11-1-16-6LE4YTat7Aw.jpg,x,29H03560
AQUA5_03916_checkin_2020-10-30-21-25oMyS7Vd7H7.jpg,x,0G0396
AQUA5_04104_checkin_2020-10-26-8-3n4i8wrw8fo.jpg,x,35A 041.04
AQUA5_04104_checkin_2020-10-30-19-45cZXdGPuSg_.jpg,,
AQUA5_04369_checkin_2020-10-27-7-11Ar98JAiKgq.jpg,,
AQUA5_05779_checkin_2020-11-2-9-18ye3CH8BYgV.jpg,x,30F 052.29
AQUA5_05820_checkin_2020-10-25-19-32bD4xMlAsnO.jpg,,
AQUA5_06618_checkin_2020-10-31-17-12C1i7ipZUry.jpg,x,0E06618
AQUA5_06669_checkin_2020-10-31-10-54bfogQwo9_W.jpg,x,206669
AQUA5_06737_checkin_2020-10-26-23-909eOf9Nv7b.jpg,x,29H 067.37
AQUA5_06737_checkin_2020-10-27-20-55MzJsxZCL7u.jpg,x,29H06737
AQUA5_06737_checkin_2020-10-30-9-14LqNaJg4rvN.jpg,,
AQUA5_06829_checkin_2020-11-1-11-30NBPXah7teq.jpg,x,30A 068.29
AQUA5_06932_checkin_2020-10-26-15-38GvsWaM0X2w.jpg,,
AQUA5_06932_checkin_2020-10-27-8-55R8HRSqbPPn.jpg,x,89A 069.32
AQUA5_07555_checkin_2020-10-25-19-41_LtOgiuoTA.jpg,,
AQUA5_07555_checkin_2020-10-25-21-16hzYHsFDrQh.jpg,,
AQUA5_07555_checkout_2020-10-25-19-41a85WGIwVMj.jpg,x,307555
AQUA5_07555_checkout_2020-10-25-21-179024084J8k.jpg,x,307555
AQUA5_07716_checkin_2020-10-26-10-23_Cz0vpxxsa.jpg,x,077A16
AQUA5_08060_checkin_2020-10-26-20-50RnyPGaFTrj.jpg,,
AQUA5_08084_checkin_2020-10-30-9-39K_hUv2cMlb.jpg,,
AQUA5_08487_checkin_2020-10-29-18-8tgaUFxo10Q.jpg,,
AQUA5_08564_checkin_2020-11-1-11-458jqC7Ilszg.jpg,,
AQUA5_0865_checkin_2020-10-29-13-57o9pUh5imZO.jpg,,
AQUA5_08722_checkin_2020-11-2-11-26sD4MuyWvqX.jpg,,
AQUA5_09290_checkin_2020-10-22-9-1fILrukU6Cv.jpg,,
AQUA5_09290_checkout_2020-10-22-9-2lUgw_0pUGu.jpg,,
AQUA5_09566_checkin_2020-10-22-8-18mr16q4sxtm.jpg,,
AQUA5_09566_checkin_2020-10-22-8-20Cqn61iTgrg.jpg,x,29D 095.66
AQUA5_09566_checkin_2020-10-22-8-25nQKbA99r6b.jpg,x,29D 095.66
AQUA5_09566_checkin_2020-10-22-8-3248D3RddlKa.jpg,,
AQUA5_09566_checkin_2020-10-22-8-33NAlxrsOFbH.jpg,x,29D 095.66
AQUA5_09566_checkin_2020-10-22-8-36zhkfoto7iM.jpg,x,29D 095.66
AQUA5_09566_checkin_2020-10-22-8-40ha5sQphIlE.jpg,x,29D 095.66
AQUA5_09566_checkin_2020-10-22-8-44IP7YxmpunS.jpg,,
AQUA5_09566_checkin_2020-10-22-9-5e_Jfk32ZCn.jpg,x,29D 095.66
AQUA5_09566_checkin_2020-10-23-17-14LKq0RI2Rbg.jpg,,
AQUA5_09566_checkout_2020-10-22-11-72M6un7c40O.jpg,,
AQUA5_09566_checkout_2020-10-22-8-227Pn9SNN1Kp.jpg,,
AQUA5_09566_checkout_2020-10-22-8-25RVsWKCHq0S.jpg,x,29D 095.66
AQUA5_09566_checkout_2020-10-22-8-349mgsOsF2mq.jpg,,
AQUA5_09566_checkout_2020-10-22-8-42Jd5PVgTBfK.jpg,x,29D 095.66
AQUA5_09730_checkin_2020-10-26-20-41PKb3lrOwTS.jpg,,
AQUA5_09730_checkout_2020-10-26-20-497_YPutE6Yr.jpg,,
AQUA5_10429_checkin_2020-10-28-20-30Epk9yPq2kn.jpg,x,89A 104.29
AQUA5_10429_checkin_2020-11-2-9-50KMGtRp2AE_.jpg,,
AQUA5_10819_checkin_2020-10-29-10-30qHBkvZqIC_.jpg,,
AQUA5_11039_checkin_2020-10-31-11-31bvY9wuZodR.jpg,,
AQUA5_11155_checkin_2020-11-1-11-44PAbemuH7Y0.jpg,x,30G 1155
AQUA5_11292_checkin_2020-10-27-21-13FX_QefRG8U.jpg,,
AQUA5_11292_checkout_2020-10-27-23-54LsEerCy9H9.jpg,,
AQUA5_11994_checkin_2020-10-31-15-55pFDFi2AEbj.jpg,,
AQUA5_12176_checkin_2020-10-27-9-13MJviIrNPYS.jpg,x,30E 121.78
AQUA5_12345_checkin_2020-10-22-18-33M5tq8dnzPU.jpg,,
AQUA5_12433_checkin_2020-10-28-19-597uRMamXP7N.jpg,,
AQUA5_12433_checkout_2020-10-28-20-54rBsUFzm0KS.jpg,,
AQUA5_12989_checkin_2020-10-27-12-38yeUyeBTyNg.jpg,,
AQUA5_12997_checkin_2020-10-29-9-56cPVki3ADPv.jpg,x,29H12997
AQUA5_13028_checkin_2020-10-31-15-1635f4Ut7yNl.jpg,,
AQUA5_13028_checkin_2020-11-1-18-3NXGW1tL5Zr.jpg,x,30E 130.28
AQUA5_13974_checkin_2020-11-1-11-34p0D6TfYwbG.jpg,x,3EA 139.74
AQUA5_15079_checkin_2020-10-31-18-109r4mPmRJS1.jpg,x,29H15079
AQUA5_15207_checkin_2020-11-1-10-55sMmjTIt3Jd.jpg,x,29H 152.02
AQUA5_15939_checkin_2020-10-26-9-27ZotXxqtZQt.jpg,,
AQUA5_15939_checkin_2020-10-27-11-9VuJYURZvSX.jpg,,
AQUA5_15973_checkin_2020-11-2-17-23WPdeV2mqvr.jpg,,
AQUA5_16201_checkin_2020-10-28-18-8fM39weFc6L.jpg,,
AQUA5_16380_checkin_2020-10-25-19-28lIIJsBLtYq.jpg,x,30G 163.80
AQUA5_16380_checkout_2020-10-25-19-30aiU4DDpbfB.jpg,x,30G 163.80
AQUA5_16871_checkin_2020-11-1-9-518mbUNzhe4Z.jpg,x,1UA 1682
AQUA5_17543_checkin_2020-10-31-10-55Ah6480qxDs.jpg,,
AQUA5_17831_checkin_2020-10-29-8-23wgal1ly80i.jpg,x,0A17831
AQUA5_18766_checkin_2020-10-27-16-549rflwaqtUP.jpg,,
AQUA5_19068_checkin_2020-10-31-16-45rGTuapLwn2.jpg,x,EA9088
AQUA5_1910_checkin_2020-10-23-17-1579Wx2EKmNG.jpg,,
AQUA5_1910_checkin_2020-10-23-17-22xrrE3g4ohC.jpg,,
AQUA5_1910_checkin_2020-10-24-7-17fmj6lM80zt.jpg,,
AQUA5_1910_checkoutex_2020-10-23-17-21WPGTypzWj9.jpg,,
AQUA5_1910_checkoutex_2020-10-24-7-24Scf7MRlSTO.jpg,,
AQUA5_1910_checkoutex_2020-10-24-7-24ZYMBOtdpLj.jpg,,
AQUA5_1910_checkout_2020-10-23-17-18VGFfxzTfbP.jpg,,
AQUA5_1910_checkout_2020-10-23-17-19AfNpaZLJ0K.jpg,x,9U1910
AQUA5_1910_checkout_2020-10-23-17-20PH5NPt6tFx.jpg,,
AQUA5_1910_checkout_2020-10-23-17-23McONDta5no.jpg,,
AQUA5_1910_checkout_2020-10-24-7-18Bi3AxskL5p.jpg,,
AQUA5_1910_checkout_2020-10-24-7-18tVeW4FJn7Q.jpg,,
AQUA5_1910_checkout_2020-10-24-7-19D8HU9WffAw.jpg,,
AQUA5_1910_checkout_2020-10-24-7-21NKryqXb9G3.jpg,,
AQUA5_1910_checkout_2020-10-24-7-21ts2BumTmV6.jpg,,
AQUA5_19640_checkin_2020-10-27-10-59I8oPbysTda.jpg,x,59N 9640
AQUA5_19643_checkin_2020-11-1-20-57OzU4JBoB8.jpg,x,30F19643
AQUA5_19643_checkoutex_2020-11-2-5-42yJkQ11hblX.jpg,,
AQUA5_19752_checkin_2020-10-26-7-49R7ZOQqXOZi.jpg,x,30E 197.52
AQUA5_19752_checkin_2020-10-29-17-45RycEtbbVj3.jpg,x,1DE 197.52
AQUA5_19752_checkin_2020-10-31-14-28RlnGB0bHIG.jpg,,
AQUA5_19752_checkin_2020-10-31-19-31uc5bIVkBvL.jpg,x,30E 197.52
AQUA5_19903_checkin_2020-10-31-12-1PFABJLaqbt.jpg,x,30E 199.02
AQUA5_20049_checkin_2020-11-1-13-23A10qSZkzWz.jpg,x,30F 200.49
AQUA5_20640_checkin_2020-10-31-13-59CdcOV1rD6Y.jpg,x,30E 308.40
AQUA5_20701_checkin_2020-10-31-11-22bm8Yo_v_0w.jpg,,
AQUA5_21592_checkin_2020-10-30-11-50GQNW1K_jgV.jpg,,
AQUA5_21762_checkin_2020-10-28-16-54tmj8Z1upTV.jpg,,
AQUA5_22254_checkin_2020-10-26-19-18qbm3nlt291.jpg,x,30F 222.54
AQUA5_22443_checkin_2020-10-31-16-8ZjOQ1q90Sl.jpg,,
AQUA5_22443_checkin_2020-11-1-11-15oXXet4vLN3.jpg,x,9A22443
AQUA5_22596_checkin_2020-10-29-8-44uWRmtuXKNg.jpg,,
AQUA5_22721_checkin_2020-10-26-9-6VPJxHWmhN5.jpg,,
AQUA5_22776_checkin_2020-11-1-14-39A9kkW_o00D.jpg,x,29C 227.78
AQUA5_23855_checkin_2020-10-29-8-34UVGci7QPzP.jpg,x,9D2355
AQUA5_23871_checkin_2020-11-1-19-38VPZ4dCGuMX.jpg,x,30E871
AQUA5_23871_checkin_2020-11-1-19-39pd2VSl42Xg.jpg,,
AQUA5_23871_checkin_2020-11-1-19-40Bk7DjTESuV.jpg,,
AQUA5_25074_checkin_2020-11-1-11-48YO4j7q9E_V.jpg,x,1UA 250.74
AQUA5_25495_checkin_2020-10-27-7-7raNEheXCZX.jpg,x,30G 254.95
AQUA5_25495_checkin_2020-10-29-10-28GrlseiGk8L.jpg,x,30G 254.95
AQUA5_25795_checkin_2020-10-27-22-131NWEKs8wU8.jpg,x,30G 257.94
AQUA5_25885_checkin_2020-10-28-18-272t2dyIxEwp.jpg,x,29A 258.85
AQUA5_25885_checkin_2020-10-29-8-21BWos4RevUu.jpg,x,29A 258.85
AQUA5_25885_checkin_2020-10-30-9-16PMcpDuHuR0.jpg,x,29A 258.85
AQUA5_25885_checkin_2020-10-31-22-16CN1h4OpEOn.jpg,,
AQUA5_25885_checkin_2020-11-1-9-48KuQo5nuU6W.jpg,,
AQUA5_25885_checkin_2020-11-2-11-46HrySzOUvni.jpg,,
AQUA5_26144_checkin_2020-10-23-17-140HcLE8JWTi.jpg,,
AQUA5_2639_checkin_2020-10-31-14-55ssli5tWQfP.jpg,,
AQUA5_26583_checkin_2020-11-1-14-47lnmPTO_6Z5.jpg,x,20A 265.83
AQUA5_26583_checkoutex_2020-11-1-17-400lpHsVtBsj.jpg,,
AQUA5_27580_checkin_2020-10-22-8-13xuVBC6AAb2.jpg,x,30F 275.80
AQUA5_27580_checkin_2020-10-22-8-9MNif9D5uPU.jpg,x,30F 275.80
AQUA5_27580_checkin_2020-10-23-17-13R_qkStKRND.jpg,x,30F 275.80
AQUA5_27580_checkout_2020-10-22-8-119zIO7HhxKM.jpg,x,30F 275.80
AQUA5_27580_checkout_2020-10-23-17-39BqaHc6U1SV.jpg,x,30F 275.80
AQUA5_29328_checkin_2020-10-27-17-28okBxZYJ4ms.jpg,x,30E 2932
AQUA5_29359_checkin_2020-10-26-21-20QnTTdeyg6O.jpg,x,22A29359
AQUA5_29359_checkout_2020-10-26-23-36hDvbYM3MDJ.jpg,,
AQUA5_29441_checkin_2020-10-27-15-17zWvJ4ezOeH.jpg,,
AQUA5_29442_checkin_2020-10-27-15-16EdlP6dFrxL.jpg,,
AQUA5_29879_checkin_2020-10-31-12-10LaX4GXNTuE.jpg,,
AQUA5_29A13977_checkin_2020-11-1-22-51aWE9NL3vgm.jpg,,
AQUA5_29C 65227_checkout_2020-10-26-22-0KR6AOiBqqq.jpg,x,29C 652.27
AQUA5_29H06845_checkin_2020-10-19-14-7bu5yEddHF3.jpg,x,U29H068
AQUA5_30174_checkin_2020-10-28-20-31o2NyI9RAHQ.jpg,,
AQUA5_30174_checkout_2020-10-28-22-34IAMMrf_ZZ2.jpg,,
AQUA5_30E89023_checkin_2020-10-26-20-2fWf3FOPwY1.jpg,x,30E 890.23
AQUA5_31544_checkin_2020-10-28-9-14n4Jc7Gj2H1.jpg,,
AQUA5_31658_checkin_2020-10-28-13-5CTYB5n9_3p.jpg,,
AQUA5_31658_checkout_2020-10-28-13-26YjviCnZTdP.jpg,,
AQUA5_31825_checkin_2020-10-25-7-30KQvoyIuTha.jpg,,
AQUA5_31825_checkin_2020-10-25-7-32otjg00AjAu.jpg,,
AQUA5_31825_checkoutex_2020-10-25-7-33EfvITqSnU3.jpg,,
AQUA5_31825_checkout_2020-10-25-7-31U_fo1TgaS_.jpg,,
AQUA5_32080_checkin_2020-10-28-8-20LhQ_gohBNq.jpg,x,0F32080
AQUA5_32294_checkin_2020-10-28-14-1kH2X5hQG6s.jpg,,
AQUA5_32857_checkin_2020-10-28-20-25Co0mDk00rn.jpg,,
AQUA5_32867_checkin_2020-10-27-2-14JWtFkPyIN8.jpg,x,30A 328.67
AQUA5_32867_checkin_2020-10-29-9-23dnUpMehRiE.jpg,x,A32867
AQUA5_33275_checkin_2020-10-22-12-13zS3A3znpk9.jpg,,
AQUA5_33275_checkin_2020-10-22-12-15slayrHpJ4H.jpg,,
AQUA5_33275_checkoutex_2020-10-22-12-170w7mI6AKGN.jpg,,
AQUA5_33275_checkout_2020-10-22-12-14xnh5CP67Yu.jpg,,
AQUA5_33531_checkin_2020-10-29-10-44Ng2PzpoR3U.jpg,x,1DD 336.31
AQUA5_34241_checkin_2020-11-1-15-41zKpYuMBO6y.jpg,x,1003E241
AQUA5_34411_checkin_2020-10-31-15-59cqZpzKqsWe.jpg,x,0E34411
AQUA5_34422_checkin_2020-10-31-12-56Urif7llcZ1.jpg,,
AQUA5_34441_checkin_2020-10-26-20-53apLs7KQAX1.jpg,x,1EE1E1
AQUA5_35392_checkin_2020-10-28-16-486u6n5curw4.jpg,,
AQUA5_35939_checkin_2020-11-1-23-26Z_clRGAOlb.jpg,x,DF35939
AQUA5_36078_checkin_2020-10-31-16-23aKIdU3HsLs.jpg,x,20A 360.78
AQUA5_36127_checkin_2020-10-31-13-342uYUzWqJrA.jpg,x,30F36127
AQUA5_36253_checkin_2020-11-2-9-57WMyEigYyem.jpg,x,30F 362.53
AQUA5_36715_checkin_2020-10-31-14-6UEejdJqBH3.jpg,x,30G 367.15
AQUA5_36A04104_checkin_2020-10-26-7-34F4CZFP1I_q.jpg,,
AQUA5_36A04104_checkin_2020-10-26-7-36IUGGGAc99_.jpg,,
AQUA5_36A04104_checkoutex_2020-10-26-7-36kcK9Unm0s3.jpg,x,36A0U104
AQUA5_37260_checkin_2020-10-28-9-55yNCeMFYnS_.jpg,x,29U 372.60
AQUA5_37277_checkin_2020-10-30-21-22GB1jiz5Bx0.jpg,x,9A37277
AQUA5_37544_checkin_2020-10-29-16-31RhIJ_SLPTa.jpg,,
AQUA5_37A39988_checkin_2020-10-26-19-34iCekDIEjdF.jpg,x,37A 399.88
AQUA5_38721_checkin_2020-11-1-17-14wnaPJzN78J.jpg,x,30E 387.21
AQUA5_38721_checkin_2020-11-1-19-48UeLYci8v1H.jpg,x,30E 387.21
AQUA5_39361_checkin_2020-10-31-22-19ISeG2scKUJ.jpg,,
AQUA5_39509_checkin_2020-10-29-11-14NB1YlqefBk.jpg,x,15539509
AQUA5_40293_checkin_2020-11-2-16-6mn4cDjseHM.jpg,,
AQUA5_40433_checkin_2020-10-28-9-22mUQcrl4Wbf.jpg,,
AQUA5_41159_checkin_2020-11-1-15-574L18ec6gfy.jpg,x,30G 411.59
AQUA5_41231_checkin_2020-10-27-16-1OZ4FweNLsA.jpg,,
AQUA5_41231_checkin_2020-10-27-16-2TvSJcRKrwZ.jpg,,
AQUA5_4243_checkin_2020-11-1-10-25jvMkQhvXAf.jpg,,
AQUA5_4253_checkin_2020-10-19-10-15xqmboLUNp4.jpg,,
AQUA5_4253_checkin_2020-10-19-10-18YRwbwI65ov.jpg,,
AQUA5_4253_checkin_2020-10-19-10-9lEnTQg5OrO.jpg,,
AQUA5_4253_checkin_2020-10-23-9-182FEIOdbSmp.jpg,x,30M 4253
AQUA5_4253_checkin_2020-10-23-9-25vsbu2pgGgK.jpg,,
AQUA5_4253_checkin_2020-10-23-9-28xxCJ13SUgX.jpg,,
AQUA5_4253_checkin_2020-10-27-10-41aPS_uwLE_E.jpg,x,30M 4253
AQUA5_4253_checkin_2020-10-27-15-14sjusHgPAha.jpg,,
AQUA5_4253_checkin_2020-10-28-10-12mWC2zHNybK.jpg,,
AQUA5_4253_checkoutex_2020-10-23-9-23POco12QSux.jpg,,
AQUA5_4253_checkout_2020-10-19-10-10szjjkCJcjI.jpg,,
AQUA5_43342_checkin_2020-10-26-19-46due_GoZUzH.jpg,x,300E3342
AQUA5_43843_checkin_2020-11-1-15-29peQyULdDpH.jpg,x,30E 438.43
AQUA5_45081_checkin_2020-11-1-12-7rns2YHFB2d.jpg,x,10FE 5081
AQUA5_46319_checkin_2020-11-2-12-3YELGFX0L9e.jpg,x,29AE 6319
AQUA5_46885_checkin_2020-10-26-16-127Ovxf4jOkZ.jpg,x,30G 468.85
AQUA5_47005_checkin_2020-10-27-10-47UNG0sr7ePh.jpg,x,30A 420.05
AQUA5_47036_checkin_2020-11-1-11-52IjLQvESPYd.jpg,x,20G 470.36
AQUA5_47036_checkoutex_2020-11-1-17-35OVZkLP_stA.jpg,,
AQUA5_47837_checkin_2020-10-26-19-28hWJeeon_Zt.jpg,x,30A 478.32
AQUA5_48226_checkin_2020-10-27-16-35QHOitNuFg6.jpg,,
AQUA5_48483_checkin_2020-10-30-19-29hO3ksp53sf.jpg,x,30A8483
AQUA5_49052_checkin_2020-10-26-11-3vvfrF5LNHw.jpg,x,36A 490.52
AQUA5_50207_checkin_2020-10-31-18-15D_JNhM0Fow.jpg,x,30E50207
AQUA5_50692_checkin_2020-10-31-20-57DLaosgqFNq.jpg,,
AQUA5_51411_checkin_2020-10-27-17-30BKh1HUcv93.jpg,x,9051411
AQUA5_54515_checkin_2020-11-1-8-44NI9qx9m01e.jpg,,
AQUA5_54659_checkin_2020-10-31-17-8k0NXDSX42M.jpg,x,30F 548.59
AQUA5_54827_checkin_2020-10-30-15-56l2ZdCCKZ1l.jpg,x,30A54827
AQUA5_55031_checkin_2020-11-1-20-49xACZN6Mmth.jpg,,
AQUA5_55655_checkin_2020-10-31-21-50aqfSUcNA1c.jpg,,
AQUA5_57331_checkin_2020-10-26-10-13n2Cy41Fd85.jpg,,
AQUA5_57599_checkin_2020-10-26-17-26689cHIYA08.jpg,,
AQUA5_57599_checkoutex_2020-10-28-23-37b9P8p30Lak.jpg,,
AQUA5_58236_checkin_2020-10-26-9-19V0UcXa3ozL.jpg,,
AQUA5_58236_checkin_2020-10-27-9-23Tj8ADxwL7j.jpg,,
AQUA5_58236_checkin_2020-10-31-16-756F6LQrF7J.jpg,,
AQUA5_58236_checkin_2020-11-1-21-2L6wtDx3c6K.jpg,,
AQUA5_58858_checkin_2020-10-28-13-7NHY3Nox3rS.jpg,,
AQUA5_60898_checkin_2020-10-27-9-56nBn7hHrGdr.jpg,x,30F 608.98
AQUA5_61035_checkin_2020-10-27-11-54cv1nliRMcA.jpg,,
AQUA5_61153_checkin_2020-10-29-19-36jM4eWucUPr.jpg,,
AQUA5_61462_checkin_2020-10-25-11-42t2X9g9JxVp.jpg,,
AQUA5_62043_checkin_2020-10-29-10-0GtLNmj9gOe.jpg,x,1DA 820.43
AQUA5_62639_checkin_2020-10-28-15-5905S1L36jgu.jpg,,
AQUA5_62652_checkin_2020-10-26-10-02MnJ2gB1V6.jpg,,
AQUA5_63699_checkin_2020-10-31-13-448kcZb7dxtP.jpg,x,10E 636.99
AQUA5_63785_checkin_2020-10-29-12-20Hyanlsrbul.jpg,,
AQUA5_64379_checkin_2020-10-29-18-15bmOq78F4g9.jpg,x,30E 643.79
AQUA5_65227_checkin_2020-10-26-19-32iGbry1XAks.jpg,x,29C65227
AQUA5_66073_checkin_2020-10-28-10-52nlG92HlftK.jpg,,
AQUA5_66073_checkin_2020-10-31-11-7h9Br6THXba.jpg,,
AQUA5_66122_checkin_2020-10-27-9-16yNuZjUww1B.jpg,x,30E 661.22
AQUA5_66266_checkin_2020-10-26-13-287hpb5Xjebi.jpg,x,30E 662.66
AQUA5_66266_checkoutex_2020-10-26-13-296niXCvE7pq.jpg,x,30E 662.66
AQUA5_66625_checkin_2020-10-30-10-8FTZiFXWf5h.jpg,x,29C 8825
AQUA5_67403_checkin_2020-10-30-19-39zjJP7gwFWS.jpg,,
AQUA5_67789_checkin_2020-10-29-14-49hI42itdb5z.jpg,,
AQUA5_70179_checkin_2020-11-2-17-42PAqsQqyHcE.jpg,x,070179
AQUA5_70256_checkin_2020-10-27-22-14x0Rb31QfdB.jpg,x,29C70256
AQUA5_70442_checkin_2020-10-27-9-20SLvpjBf9TB.jpg,,
AQUA5_71179_checkin_2020-10-26-8-49fzDulJJKPa.jpg,,
AQUA5_71980_checkin_2020-11-2-10-53423zmc_ngO.jpg,,
AQUA5_71980_checkin_2020-11-2-11-10uFSfA4MzZ3.jpg,,
AQUA5_73520_checkin_2020-11-1-9-47E1WzjZ4euc.jpg,,
AQUA5_73587_checkin_2020-10-29-20-5YLqGCUjzb7.jpg,x,29C 735.87
AQUA5_73850_checkin_2020-11-1-18-43S_PGlCBdTU.jpg,,
AQUA5_74895_checkin_2020-10-31-20-75MLUNJ6P3u.jpg,,
AQUA5_75531_checkin_2020-10-28-20-42Hl2vElWQML.jpg,,
AQUA5_75531_checkin_2020-10-30-20-9bNSoFT6Nto.jpg,x,30E 755.31
AQUA5_75841_checkin_2020-10-26-17-43cQi85U40NM.jpg,,
AQUA5_76226_checkin_2020-10-31-11-37WrRixnFDLx.jpg,x,30E 762.26
AQUA5_76791_checkin_2020-10-23-17-128m4qtaA6av.jpg,x,30A 7679
AQUA5_76809_checkin_2020-10-31-19-50z7Xo_P4hky.jpg,,
AQUA5_76935_checkin_2020-10-27-2-20f3XVBdYX0h.jpg,x,3DF 769.35
AQUA5_77854_checkin_2020-10-29-21-47v4jXNPXme5.jpg,,
AQUA5_79209_checkin_2020-10-26-17-5Um3eMKmzr1.jpg,x,30A 792.09
AQUA5_7921_checkin_2020-10-31-15-58J89JEcn9bE.jpg,,
AQUA5_80651_checkin_2020-10-29-13-25NcqqbyFPPl.jpg,x,1DP 808.51
AQUA5_83605_checkin_2020-10-28-16-13aW8wovNkp8.jpg,x,5583605
AQUA5_85886_checkin_2020-10-31-11-16aQT540bLqS.jpg,,
AQUA5_85886_checkin_2020-10-31-11-19n9QbqA8kU6.jpg,,
AQUA5_86404_checkin_2020-10-26-20-24DlkuaubZpw.jpg,x,30P 884.04
AQUA5_86404_checkout_2020-10-26-21-41fXavFcazvq.jpg,,
AQUA5_86574_checkin_2020-10-26-9-20yk1souhnpD.jpg,x,30P 885.21
AQUA5_87180_checkin_2020-10-30-15-58N3sfjeGTfp.jpg,x,9A82180
AQUA5_89A20061_checkin_2020-10-19-14-488QmDTMfuV7.jpg,x,89A 200.61
AQUA5_90230_checkin_2020-10-31-8-0tWaizksrK3.jpg,x,20F 902.30
AQUA5_90540_checkin_2020-10-27-13-98_9T8MGcrv.jpg,x,30F 905.40
AQUA5_90540_checkin_2020-10-29-13-23QUKfWKC8UH.jpg,,
AQUA5_90955_checkin_2020-10-31-11-39GrIwxwpXx_.jpg,x,E90955
AQUA5_91209_checkin_2020-10-31-21-29aDwV9lbe8i.jpg,,
AQUA5_91209_checkin_2020-10-31-21-30edp0dE61Hj.jpg,,
AQUA5_92839_checkin_2020-11-2-17-42yuhmNLJNBU.jpg,,
AQUA5_93815_checkin_2020-10-30-13-15wghOmATK1J.jpg,,
AQUA5_94376_checkin_2020-10-26-14-33DUegNT_QI1.jpg,x,30F 943.76
AQUA5_95205_checkin_2020-11-2-15-46KEbvLuYDzq.jpg,,
AQUA5_9566_checkin_2020-10-23-9-44jXLRScmjjt.jpg,,
AQUA5_96308_checkin_2020-10-26-7-53Il4xrDtMMx.jpg,x,1D96308
AQUA5_96308_checkout_2020-10-26-20-364Zp8brrT2l.jpg,,
AQUA5_96596_checkin_2020-10-30-15-39MzSosJf0LR.jpg,,
AQUA5_96596_checkoutex_2020-10-30-18-48IHy6cOjhNJ.jpg,,
AQUA5_96805_checkin_2020-11-2-17-6_bDgaLQdmq.jpg,,
AQUA5_97061_checkin_2020-10-27-14-59UILIhNbkRm.jpg,x,2DN 970.61
AQUA5_97363_checkin_2020-10-29-14-536Gn4ZAls5N.jpg,x,1C97383
AQUA5_98846_checkin_2020-11-1-10-21m_cOOMMylS.jpg,x,1098846
AQUA5_99340_checkin_2020-10-30-15-374gnp1xdWlN.jpg,x,25593E0
AQUA5_99523_checkin_2020-10-29-13-1622PqmwN1_y.jpg,,
AQUA5_99844_checkin_2020-10-28-16-0_DOtBlpzel.jpg,,
AQUA5_99948_checkin_2020-10-28-21-5Iz6s3xLR1s.jpg,,
AQUA5_99948_checkoutex_2020-10-29-6-445TzboFSniR.jpg,,
AQUA5_KBIEN_checkin_2020-10-28-22-6YP6DkuzePO.jpg,,
AQUA5_KHONGBIEN_checkin_2020-11-1-20-48jZpjmGXNnV.jpg,,
AQUA5_NULL_checkin_2020-10-19-10-12qpoQcRTCPR.jpg,,
AQUA5_NULL_checkin_2020-10-27-5-58cuTTdVNjPa.jpg,x,371224
AQUA5_null_checkoutex_2020-10-19-10-14m6hfdaMwnw.jpg,,
AQUA5_null_checkoutex_2020-10-19-10-14_f0QCS7qsb.jpg,,
AQUA5_null_checkoutex_2020-10-19-10-17lStINkXVm0.jpg,,
AQUA5_null_checkoutex_2020-10-19-10-185ijSdzdnA8.jpg,,
AQUA5_null_checkoutex_2020-10-19-10-20qZNPpLCxRn.jpg,x,30M4253
AQUA5_null_checkoutex_2020-10-23-15-183dx9r6U_UL.jpg,,
AQUA5_null_checkoutex_2020-10-23-9-27dqNUAJEpmW.jpg,x,30M425
AQUA5_null_checkoutex_2020-10-23-9-30S0U3cOIBhC.jpg,,
AQUA5_null_checkoutex_2020-10-23-9-47TEvivD0fSp.jpg,,
AQUA5_null_checkoutex_2020-10-29-6-20HLIQ22Xmn7.jpg,,
AQUA5_null_checkoutex_2020-10-29-6-20RCCcMYoXUS.jpg,,
AQUA5__checkout_2020-10-30-21-50p0LcSYbbI9.jpg,x,0G0396
AQUA5__checkout_2020-10-31-19-40ewY74bCVXt.jpg,x,30E 197.52
AQUA5__checkout_2020-10-31-21-16CWhwGDpPsC.jpg,,
AQUA5__checkout_2020-11-1-19-39w9Q3xhxzZ3.jpg,,
AQUA5__checkout_2020-11-1-19-48Svg1sgw0x9.jpg,x,30E 387.21
AQUA5__checkout_2020-11-1-21-12UtXic0ErkM.jpg,,
AQUA5__checkout_2020-11-1-21-26962nswP3sK.jpg,,
AQUA5__checkout_2020-11-1-21-35PtUDdE4cDs.jpg,,
AQUA5__checkout_2020-11-1-22-52NpGdNas8w2.jpg,,
AQUA5__checkout_2020-11-1-23-39UKDi0oUUl0.jpg,x,DF35939
AQUA5__checkout_2020-11-2-11-11vmGQ_Qhc8h.jpg,,
AQUA5__checkout_2020-11-2-11-40du0Vl5kGif.jpg,,
AQUA5__checkout_2020-11-2-17-31yie4TyXgdr.jpg,,
AQUA7_0 0 7 5 7_checkout_2020-10-24-11-19C_yvfx_7rZ.jpg,x,89A 073.79
AQUA7_00010_checkin_2020-10-28-9-317kWpLwq1zZ.jpg,,
AQUA7_00275_checkin_2020-10-29-22-186OArjVXlHe.jpg,x,89L0D0275
AQUA7_00275_checkin_2020-11-1-15-292RwA_Vw7xq.jpg,x,D9LD 0022
AQUA7_00275_checkoutex_2020-11-1-21-18LMBHMS7y5G.jpg,,
AQUA7_00546_checkin_2020-10-26-21-28Fpw2f3Z97C.jpg,,
AQUA7_00546_checkin_2020-10-29-17-487mFddD_2uk.jpg,,
AQUA7_00757_checkin_2020-10-24-11-17Atnc4KwBmW.jpg,x,88ED 0075
AQUA7_02141_checkin_2020-10-27-7-43vG0CKfYvvf.jpg,x,30E02141
AQUA7_02141_checkin_2020-10-27-7-44kyYwGOoCay.jpg,,
AQUA7_021A1_checkout_2020-10-22-8-46fCo6YF9smD.jpg,,
AQUA7_02649_checkin_2020-10-29-9-45nTc0q5jxxc.jpg,,
AQUA7_02882_checkin_2020-10-29-22-11rtQR4Pncq9.jpg,,
AQUA7_03474_checkin_2020-10-26-18-31yglIizv9Pz.jpg,x,3U3474
AQUA7_03474_checkout_2020-10-26-18-42CQduJV0nvQ.jpg,,
AQUA7_03947_checkin_2020-10-25-14-51ho4opC1RSl.jpg,,
AQUA7_03947_checkin_2020-10-25-15-23f80KjzY_f_.jpg,,
AQUA7_03947_checkin_2020-10-25-15-25spDj9dFXkx.jpg,,
AQUA7_03947_checkout_2020-10-25-15-216yw9EhZdAV.jpg,,
AQUA7_04177_checkin_2020-10-27-13-9psGMa67iBV.jpg,,
AQUA7_04221_checkin_2020-10-29-8-54GYeu0WgBCo.jpg,x,89A 042.21
AQUA7_04390_checkin_2020-10-27-11-37YwpxLgbNUd.jpg,,
AQUA7_05197_checkin_2020-11-2-14-59Ut4BCTfwOj.jpg,x,30A 051.97
AQUA7_05207_checkin_2020-11-1-8-34LwQmlfcFqz.jpg,x,30E 052.07
AQUA7_05812_checkin_2020-10-28-13-3Q4aDy19WJv.jpg,,
AQUA7_0623_checkoutex_2020-10-28-16-9F5uSE9fIge.jpg,,
AQUA7_06287_checkin_2020-10-27-15-47lrPyTeHDQj.jpg,x,AD0281
AQUA7_06287_checkout_2020-10-27-16-239OAwR2xYf.jpg,,
AQUA7_06973_checkin_2020-10-27-12-20lnJbl4tu4T.jpg,x,30P 069.73
AQUA7_06973_checkoutex_2020-10-27-13-594CsOGqFyZr.jpg,,
AQUA7_07379_checkin_2020-10-19-9-503vtsaeAX3t.jpg,x,89A 073.79
AQUA7_07379_checkin_2020-10-19-9-51kAQpppKeuE.jpg,x,89A 073.79
AQUA7_07379_checkin_2020-10-19-9-59plW1JE_N3h.jpg,x,89A 073.79
AQUA7_07379_checkin_2020-10-23-14-19tLl50LwFjP.jpg,,
AQUA7_07379_checkin_2020-10-23-14-21zk_0QKpZ7P.jpg,,
AQUA7_07379_checkin_2020-10-23-14-24vOMVnjIpQQ.jpg,,
AQUA7_07379_checkin_2020-10-23-14-25F3uLFY6HG9.jpg,,
AQUA7_07379_checkin_2020-10-24-10-44md2VzG_H2p.jpg,,
AQUA7_07379_checkin_2020-10-24-11-13cm0KMoEWoT.jpg,,
AQUA7_07379_checkin_2020-10-24-11-18brEjgtOrWO.jpg,x,89A 073.79
AQUA7_07379_checkin_2020-10-24-11-18Jv76GkzJ9f.jpg,x,89A 073.79
AQUA7_07379_checkin_2020-10-24-11-18WC_SF4alzF.jpg,x,89A 073.79
AQUA7_07379_checkin_2020-10-24-15-131N67a49Azs.jpg,,
AQUA7_07379_checkin_2020-10-24-15-193puS2pkoeu.jpg,,
AQUA7_07379_checkin_2020-10-24-9-55zAjokZVI3Z.jpg,x,89A 073.79
AQUA7_07379_checkin_2020-10-30-17-520Qy9iatF2.jpg,,
AQUA7_07379_checkoutex_2020-10-24-13-12kIlFBTdniD.jpg,,
AQUA7_07379_checkout_2020-10-19-10-0Fu8nK7A9ao.jpg,x,A07379
AQUA7_07379_checkout_2020-10-19-12-12ZBUuFXwR2d.jpg,,
AQUA7_08211_checkin_2020-11-2-16-58aSh8Ndxp3A.jpg,x,A08211
AQUA7_08487_checkin_2020-10-27-19-48h1S71aYymP.jpg,x,084187
AQUA7_08487_checkin_2020-10-30-19-53EQ24K5ZEWv.jpg,,
AQUA7_08824_checkin_2020-10-22-8-9FYNg17vJCt.jpg,,
AQUA7_08877_checkin_2020-10-24-10-462Mpgdeob4A.jpg,x,89A 088.27
AQUA7_08877_checkin_2020-10-24-10-468uXYWbCUgw.jpg,x,89A 088.27
AQUA7_08877_checkoutex_2020-10-24-11-11QmIufdEB2o.jpg,,
AQUA7_09132_checkin_2020-10-22-8-12wa5D7Fzvor.jpg,x,30G 0932
AQUA7_09132_checkin_2020-10-24-9-49mnhyyjGDAv.jpg,x,30G 091.32
AQUA7_09132_checkin_2020-10-24-9-53eRbtmgeRjw.jpg,,
AQUA7_09132_checkin_2020-10-30-15-17RybP_djX9G.jpg,,
AQUA7_09290_checkin_2020-10-26-22-32auNPMYzMxP.jpg,x,1EA 092.90
AQUA7_09290_checkin_2020-10-27-13-5770_MSYd7ls.jpg,,
AQUA7_09290_checkin_2020-11-1-21-53pBcNAIAgKF.jpg,,
AQUA7_09290_checkin_2020-11-2-16-25ajYUxsO3i8.jpg,x,14A092
AQUA7_09483_checkin_2020-10-26-10-41_NVG83PHWE.jpg,x,30G 9483
AQUA7_09586_checkin_2020-10-22-8-13q85uHTULAf.jpg,,
AQUA7_09586_checkout_2020-10-22-8-16sfLM08mG2X.jpg,,
AQUA7_09586_checkout_2020-10-22-8-21Kn_D98FCUN.jpg,,
AQUA7_09855_checkin_2020-10-30-13-3GwMeIvql67.jpg,,
AQUA7_10341_checkin_2020-10-22-8-13Jzwuyy0Gim.jpg,x,8A10341
AQUA7_1040_checkin_2020-11-1-12-25ounWCIpsam.jpg,x,3021040
AQUA7_10432_checkin_2020-10-26-13-53XLGPUaLRke.jpg,x,99A10432
AQUA7_10432_checkin_2020-10-28-13-37RpWxQtOtor.jpg,,
AQUA7_10432_checkout_2020-10-26-14-2yTRRF_9LWt.jpg,x,99A10432
AQUA7_10841_checkin_2020-10-22-8-21Qq4n3OsUfS.jpg,x,8A10341
AQUA7_10868_checkin_2020-11-2-9-2uo9Y2WZdRw.jpg,x,89A10868
AQUA7_11297_checkin_2020-10-30-16-47KoQgwjfJTd.jpg,,
AQUA7_12207_checkin_2020-10-31-15-18qFZo4za_jW.jpg,,
AQUA7_12327_checkin_2020-10-30-8-42nGbznL7VE0.jpg,,
AQUA7_12388_checkin_2020-10-27-8-272NtIPLnjAh.jpg,,
AQUA7_12891_checkin_2020-10-30-15-49dCkZCu146w.jpg,,
AQUA7_13209_checkin_2020-10-29-9-251qcPlYXKMr.jpg,,
AQUA7_13867_checkin_2020-10-26-14-57MCWXDQvoV7.jpg,,
AQUA7_13879_checkin_2020-10-30-17-7xdDQoUQQwv.jpg,,
AQUA7_13962_checkin_2020-10-27-7-372d7mEkjOYH.jpg,x,89A 139.82
AQUA7_1452_checkin_2020-10-24-9-54dmd4dgaIHg.jpg,,
AQUA7_15013_checkin_2020-10-27-16-12kfkGAhfnyx.jpg,,
AQUA7_15491_checkin_2020-10-24-9-54bNB7Mc73mN.jpg,,
AQUA7_15606_checkin_2020-10-24-14-3qLrUfWkKih.jpg,x,29H15606
AQUA7_15606_checkin_2020-10-27-12-24PZ5nY6ZAey.jpg,,
AQUA7_15606_checkin_2020-10-28-12-26zNiaw3U6yz.jpg,,
AQUA7_15606_checkin_2020-10-29-13-16D8NvpVDY6Z.jpg,,
AQUA7_15634_checkin_2020-10-29-10-303ECy2OiAVH.jpg,,
AQUA7_15753_checkin_2020-10-24-9-55Htei4LGIYo.jpg,,
AQUA7_15753_checkoutex_2020-10-24-11-5xe4bG4EU32.jpg,,
AQUA7_16285_checkin_2020-10-30-16-46IfJppgdKds.jpg,,
AQUA7_16938_checkin_2020-11-1-13-18OXF3kZdOdN.jpg,x,15A 169.38
AQUA7_16938_checkoutex_2020-11-1-15-579twjzL2aok.jpg,,
AQUA7_17144_checkin_2020-10-27-15-44A9CtLxsAD7.jpg,,
AQUA7_17144_checkoutex_2020-10-27-16-119pDBk3_YyM.jpg,,
AQUA7_17169_checkin_2020-10-31-8-9F9ZH7k34RK.jpg,,
AQUA7_17339_checkin_2020-10-27-16-41S6GcWgNXWL.jpg,,
AQUA7_17339_checkin_2020-10-27-22-29diT7dUEb2E.jpg,,
AQUA7_17339_checkin_2020-10-31-16-45w2SUMLISon.jpg,,
AQUA7_17339_checkout_2020-10-27-18-20f1k4ZZMtaa.jpg,,
AQUA7_18001_checkin_2020-10-30-15-24ewGJND4Xtq.jpg,,
AQUA7_18001_checkin_2020-10-30-9-47pwupH2Xs9g.jpg,,
AQUA7_18001_checkout_2020-10-30-15-32vQe1WZpL2z.jpg,,
AQUA7_18722_checkin_2020-10-22-9-56OsaSLoSyJS.jpg,,
AQUA7_18766_checkin_2020-10-28-13-35CsnJzDiL1Y.jpg,,
AQUA7_19815_checkin_2020-10-26-13-21dV9jYM47EK.jpg,,
AQUA7_19815_checkin_2020-10-27-13-459OfXOy5f40.jpg,,
AQUA7_19815_checkoutex_2020-10-27-14-40ZOzdaCFcAZ.jpg,,
AQUA7_19909_checkin_2020-10-28-0-249n_Dd13N0U.jpg,,
AQUA7_19909_checkin_2020-10-29-0-20XbQxBkO41n.jpg,,
AQUA7_19909_checkin_2020-11-1-23-4UfNIAggSG8.jpg,,
AQUA7_19909_checkout_2020-10-28-6-45XyR8oZM44.jpg,,
AQUA7_19909_checkout_2020-10-29-6-30URFzvZft3c.jpg,,
AQUA7_20061_checkin_2020-10-19-10-23SOxm0vrkW.jpg,x,89A 200.61
AQUA7_20061_checkin_2020-10-26-10-576Gah7_BiUG.jpg,,
AQUA7_20141_checkin_2020-10-22-8-46bGcEHkm4yB.jpg,,
AQUA7_20784_checkin_2020-11-1-15-54V7qhZNYbg5.jpg,x,30P 202.84
AQUA7_20890_checkin_2020-10-26-9-59cGpZeDmZRT.jpg,,
AQUA7_20890_checkin_2020-10-28-11-11zTHIgDvcwJ.jpg,,
AQUA7_21950_checkin_2020-11-1-9-5puwClWncST.jpg,x,30F 2950
AQUA7_22693_checkin_2020-10-23-16-19YhbckpY9ZE.jpg,,
AQUA7_22919_checkin_2020-10-29-9-27LLn2qTZwyk.jpg,,
AQUA7_23016_checkin_2020-11-1-13-49RsuyCsC0ci.jpg,,
AQUA7_2471_checkin_2020-11-1-14-29IlTqJrBEKk.jpg,x,29T 2471
AQUA7_2471_checkin_2020-11-1-14-31ly5ebCArgA.jpg,x,2DT 2421
AQUA7_2471_checkout_2020-11-1-14-345sPtH6Rp7L.jpg,,
AQUA7_25154_checkin_2020-10-27-14-04L6b06Gix8.jpg,,
AQUA7_25154_checkin_2020-10-29-10-18LTPVODweED.jpg,,
AQUA7_25697_checkin_2020-10-28-11-30V2SxR4f8GY.jpg,,
AQUA7_25697_checkin_2020-10-28-12-32gtgRF0NXim.jpg,,
AQUA7_25697_checkin_2020-10-28-22-10wZAxFNmgpz.jpg,,
AQUA7_25697_checkin_2020-11-1-7-41An2Wjf1ej2.jpg,,
AQUA7_25697_checkin_2020-11-2-13-282GH6XPo0mL.jpg,x,30F 256.97
AQUA7_25697_checkin_2020-11-2-13-29709CDtWwUA.jpg,x,3DF 256.97
AQUA7_25697_checkout_2020-10-29-6-6bKUkPv2RXu.jpg,,
AQUA7_25697_checkout_2020-10-29-6-6RCBE4Pc97Z.jpg,x,30F569
AQUA7_25697_checkout_2020-11-1-7-54JNXptNHyDM.jpg,,
AQUA7_26223_checkin_2020-10-28-13-37wFe3mZr8Wz.jpg,,
AQUA7_27838_checkout_2020-10-26-19-55zfYKsMFHAS.jpg,x,30G 278.38
AQUA7_29519_checkin_2020-10-27-14-6EovVu5Htfj.jpg,,
AQUA7_29A 44039_checkoutex_2020-10-24-11-6xMf5zLUJBD.jpg,,
AQUA7_29A09586_checkin_2020-10-22-8-20LWdwM56_12.jpg,x,29A 095.86
AQUA7_29A37229_checkin_2020-10-26-12-36suW8TinUZF.jpg,x,29A37229
AQUA7_30174_checkin_2020-10-28-22-38quQn1cHBzk.jpg,x,1RE 001.74
AQUA7_30599_checkin_2020-11-1-10-56iv__6NRjmI.jpg,x,88A 305.98
AQUA7_30A 60434_checkout_2020-10-25-19-57NYeamj34wz.jpg,x,30A 604.34
AQUA7_30A60434_checkin_2020-10-25-19-512gQoUFJeAl.jpg,x,30A 604.34
AQUA7_30A79209_checkin_2020-10-26-13-18eCBFj3goyM.jpg,x,30A79209
AQUA7_30F 88013_checkoutex_2020-10-22-8-38Pg12Tutog1.jpg,x,30F88013
AQUA7_30F88013_checkin_2020-10-22-8-37us9ZtpHbrG.jpg,,
AQUA7_30G27838_checkin_2020-10-26-16-155ZHtVdEwjY.jpg,x,30G 278.38
AQUA7_31289_checkin_2020-10-30-16-37qvH4L7Iarg.jpg,,
AQUA7_31646_checkin_2020-10-28-11-32rdP_z8RRmA.jpg,,
AQUA7_31646_checkout_2020-10-28-11-46xzjjoTdv3f.jpg,,
AQUA7_32245_checkin_2020-10-26-10-12WP3fTSw3j9.jpg,x,30P 322.45
AQUA7_32510_checkin_2020-10-27-11-56pdaprv3W5U.jpg,,
AQUA7_32955_checkin_2020-10-31-8-27CpmWxLuEjR.jpg,,
AQUA7_33363_checkin_2020-10-30-15-16w9ZY6UNV4b.jpg,,
AQUA7_33833_checkin_2020-10-22-16-112qm0mvTgrr.jpg,,
AQUA7_33833_checkout_2020-10-22-16-12IobCBRbokv.jpg,,
AQUA7_33928_checkin_2020-10-26-11-46YM85h1R1n4.jpg,,
AQUA7_33928_checkin_2020-10-27-19-29wBsH5fQLq6.jpg,x,29A33928
AQUA7_33928_checkout_2020-10-28-6-5zGHhNCcA7e.jpg,,
AQUA7_33949_checkin_2020-10-26-11-31wZSs6OSt4_.jpg,,
AQUA7_34A31506_checkin_2020-10-28-17-6oBDBdgP8s3.jpg,,
AQUA7_3533_checkin_2020-10-24-13-11r6B_z43WTJ.jpg,,
AQUA7_3533_checkoutex_2020-10-24-13-12zRIGGN8v1Q.jpg,,
AQUA7_3555_checkin_2020-11-1-14-46Ab1b8Zf0ME.jpg,,
AQUA7_3555_checkoutex_2020-11-1-17-18huDqAlyvT1.jpg,,
AQUA7_35851_checkin_2020-10-31-9-1ZqZxyxA1bU.jpg,,
AQUA7_35851_checkout_2020-10-31-9-11NoodReUZ0O.jpg,,
AQUA7_35919_checkin_2020-10-30-16-50d4dflngc7b.jpg,,
AQUA7_36336_checkin_2020-11-1-14-7UhMszkJjZ1.jpg,x,3DG 363.36
AQUA7_36336_checkoutex_2020-11-1-17-177FJAKUuEC1.jpg,,
AQUA7_36815_checkin_2020-10-31-19-499V9LiLLTS_.jpg,x,236815
AQUA7_37229_checkout_2020-10-26-12-58bcFNlwCT3Q.jpg,,
AQUA7_3763_checkin_2020-10-24-10-44jqXHCf34mx.jpg,,
AQUA7_3763_checkin_2020-10-24-13-10fAuryUyU7L.jpg,,
AQUA7_3763_checkin_2020-10-24-16-17MowS3MdJa8.jpg,,
AQUA7_3763_checkin_2020-10-26-7-13igDcxDgrXu.jpg,,
AQUA7_3763_checkoutex_2020-10-24-13-12OZ5B3FRY5m.jpg,,
AQUA7_3763_checkout_2020-10-26-8-20I8ZYGMYU6Q.jpg,,
AQUA7_38452_checkin_2020-10-24-9-47Xra7VvXe1Q.jpg,x,29H38452
AQUA7_38452_checkin_2020-10-24-9-52rxx5J_opiD.jpg,,
AQUA7_38452_checkoutex_2020-10-24-9-56bCvjjFKTky.jpg,,
AQUA7_38653_checkin_2020-10-27-11-6hEXU6LA28l.jpg,,
AQUA7_40304_checkin_2020-10-25-12-292rEgI5p4B8.jpg,,
AQUA7_40304_checkin_2020-10-25-12-30ifR_lKoLv9.jpg,x,30G 403.04
AQUA7_40304_checkin_2020-10-25-12-31pEDg3fj0a4.jpg,,
AQUA7_40304_checkin_2020-10-25-12-31ttRM9Dny7e.jpg,x,30GE 0304
AQUA7_40304_checkin_2020-10-25-12-387zGfUtL1sV.jpg,,
AQUA7_40304_checkin_2020-10-25-12-42eovyhSOp_A.jpg,,
AQUA7_40304_checkout_2020-10-25-12-32Bc2t8BoOZg.jpg,,
AQUA7_40510_checkin_2020-10-31-14-16ME6pLeu5wV.jpg,,
AQUA7_41359_checkin_2020-10-28-14-32GaXuBh0Dc2.jpg,,
AQUA7_41359_checkout_2020-10-28-15-51LZRbiqfOAE.jpg,,
AQUA7_42447_checkin_2020-10-29-12-21Yqmtlfpkk6.jpg,,
AQUA7_43041_checkin_2020-10-28-14-485ncTkJ4btZ.jpg,,
AQUA7_43041_checkout_2020-10-28-15-16EcwfKC0U8R.jpg,,
AQUA7_43441_checkin_2020-10-26-22-41dHr6pPRo56.jpg,x,1EU 3EE1
AQUA7_43441_checkin_2020-10-28-12-35gnBdu2PZUI.jpg,,
AQUA7_43502_checkin_2020-10-24-9-54VuWrDlw2vZ.jpg,,
AQUA7_43502_checkin_2020-10-29-21-16SD3bG_IHuH.jpg,,
AQUA7_43502_checkin_2020-10-29-21-17ucMcgEL5a6.jpg,,
AQUA7_44039_checkin_2020-10-24-8-250IlwSspN4f.jpg,,
AQUA7_44039_checkin_2020-10-24-9-54Pd8mmXwMaw.jpg,,
AQUA7_44039_checkoutex_2020-10-24-9-10WWGpYksfDx.jpg,,
AQUA7_44167_checkin_2020-10-27-19-36UtRmbules6.jpg,,
AQUA7_44482_checkin_2020-11-1-12-50ddLkUmOC4r.jpg,x,30A 444.82
AQUA7_44482_checkoutex_2020-11-1-15-56TjIcAbV7Q6.jpg,,
AQUA7_44580_checkin_2020-11-1-16-540VP8r2KUuK.jpg,,
AQUA7_44580_checkout_2020-11-1-16-57qjrBuHr7_M.jpg,,
AQUA7_45447_checkin_2020-10-27-13-54sSzqBXPSlm.jpg,,
AQUA7_46294_checkin_2020-10-24-11-16SzHPPHe0FM.jpg,x,29A 462.94
AQUA7_46437_checkin_2020-10-24-10-45rDh0FaGsbL.jpg,,
AQUA7_46437_checkin_2020-10-24-9-56DVqYdPX0Uj.jpg,,
AQUA7_46437_checkin_2020-10-27-19-50xX8Q9rVzaq.jpg,x,30G 464.32
AQUA7_46748_checkin_2020-10-27-16-46XTu5K3Oqn8.jpg,x,9C46248
AQUA7_46791_checkin_2020-10-28-19-56AuKvsRmt9O.jpg,,
AQUA7_46791_checkoutex_2020-10-29-6-32MAVJ9HnoO7.jpg,,
AQUA7_4749_checkin_2020-10-31-8-58KyzD5QUt1d.jpg,,
AQUA7_47662_checkin_2020-10-27-21-23NTUaMUXsV9.jpg,,
AQUA7_47662_checkout_2020-10-26-20-24zcUfNLISqg.jpg,,
AQUA7_47662_checkout_2020-10-28-6-37tIkalt3_W_.jpg,,
AQUA7_47792_checkin_2020-10-26-12-430MXuTnYzjs.jpg,,
AQUA7_47926_checkin_2020-10-29-10-3ToiFjETDFW.jpg,,
AQUA7_47926_checkin_2020-10-31-9-56Bu5ZAzmTT1.jpg,,
AQUA7_48226_checkin_2020-10-31-12-55MJOj9u23wZ.jpg,,
AQUA7_48270_checkin_2020-10-29-12-53VIbQGygkvP.jpg,,
AQUA7_50167_checkin_2020-10-26-9-6KPOMzQxODP.jpg,,
AQUA7_50167_checkout_2020-10-26-9-9YZG7L9o9TD.jpg,,
AQUA7_5124_checkoutex_2020-11-1-10-18nkmFm58Okf.jpg,,
AQUA7_51271_checkin_2020-10-27-19-556NV5OjW8uw.jpg,x,30F 5127
AQUA7_51272_checkin_2020-10-26-7-40ItdCI0m8k9.jpg,,
AQUA7_51272_checkout_2020-10-26-7-41yhNdKjYjs3.jpg,,
AQUA7_51443_checkin_2020-10-22-9-46VvCmCi2JUY.jpg,,
AQUA7_51443_checkin_2020-10-22-9-475eZ5luTcTp.jpg,x,514F43
AQUA7_51443_checkin_2020-10-22-9-49NpDKn8SFVx.jpg,,
AQUA7_51443_checkoutex_2020-10-22-9-48a3Jfs9hifV.jpg,x,514F43
AQUA7_51495_checkin_2020-10-26-11-51Ot57KwfEoY.jpg,,
AQUA7_51624_checkin_2020-11-1-15-9q58rAJpN6r.jpg,,
AQUA7_51624_checkin_2020-11-1-9-21B5RmLxA6l3.jpg,,
AQUA7_51624_checkin_2020-11-1-9-22a4enV9IJBx.jpg,,
AQUA7_51624_checkin_2020-11-1-9-22WtIiSWygOu.jpg,,
AQUA7_51624_checkout_2020-11-1-15-11lZrB3I7eCU.jpg,,
AQUA7_51624_checkout_2020-11-1-15-12Xt4_q1pjNw.jpg,,
AQUA7_5205_checkin_2020-10-28-11-1573uVbclp2C.jpg,,
AQUA7_5205_checkout_2020-10-28-11-32ZWbPtwbiMu.jpg,,
AQUA7_52456_checkin_2020-10-30-15-10KU769ubdPP.jpg,,
AQUA7_52753_checkin_2020-10-28-10-9fu8IL3ZSVk.jpg,,
AQUA7_53279_checkin_2020-10-24-9-54e_ZSATReih.jpg,,
AQUA7_53279_checkin_2020-10-24-9-54rPctikrgb4.jpg,,
AQUA7_54093_checkin_2020-10-28-15-53sfnrU1Jmi3.jpg,,
AQUA7_54093_checkout_2020-10-28-16-3nd7KwlWLhH.jpg,,
AQUA7_54201_checkin_2020-10-30-12-5hUfSOCqk7P.jpg,,
AQUA7_54745_checkin_2020-11-1-12-34j1_H2wpFwC.jpg,x,3DF 5E7.45
AQUA7_55695_checkin_2020-11-1-16-338YvhqV67Zl.jpg,x,2DA 556.95
AQUA7_56330_checkin_2020-10-27-10-253UBQywQkj.jpg,,
AQUA7_56330_checkin_2020-10-27-10-3rOrL9kCInD.jpg,,
AQUA7_56330_checkout_2020-10-27-10-287k03d56QqF.jpg,x,0F9171
AQUA7_57224_checkin_2020-11-1-12-13urU4m_Tsw4.jpg,x,29A 5722
AQUA7_57224_checkoutex_2020-11-1-14-40JlvM3Ciidv.jpg,,
AQUA7_57808_checkin_2020-10-24-11-15pF2C6xIVhz.jpg,,
AQUA7_57831_checkin_2020-10-30-15-15dI61tWdD0z.jpg,,
AQUA7_57831_checkout_2020-10-30-15-19gdniN_WErz.jpg,,
AQUA7_59810_checkin_2020-10-29-11-240cs48BBlZA.jpg,,
AQUA7_60168_checkin_2020-11-1-15-15mKbBDW8WRQ.jpg,x,30A 601.68
AQUA7_60434_checkin_2020-10-25-19-49UF3ickwd3s.jpg,x,30A 604.34
AQUA7_60434_checkin_2020-10-25-19-56QP276ZPEVM.jpg,x,30A 604.34
AQUA7_60513_checkin_2020-10-27-0-00PbtlaRGty.jpg,,
AQUA7_60513_checkout_2020-10-27-6-21g23QIg6Vwv.jpg,,
AQUA7_60863_checkin_2020-10-31-7-56FG9iiBZhOv.jpg,,
AQUA7_60863_checkoutex_2020-10-31-8-22eQQHzJ0CGU.jpg,,
AQUA7_60947_checkin_2020-10-29-11-15I5EXDUFjtm.jpg,,
AQUA7_60947_checkoutex_2020-10-29-18-43tzkBBSrRIE.jpg,,
AQUA7_60986_checkin_2020-10-24-9-53oJ4ToE8ioP.jpg,x,29A609
AQUA7_61011_checkin_2020-10-28-14-43iV_myaofSZ.jpg,,
AQUA7_61035_checkin_2020-10-27-11-23xTo1RwMWfV.jpg,x,30E 810.36
AQUA7_62304_checkin_2020-10-24-16-15JW4W0PGVlz.jpg,,
AQUA7_6295_checkin_2020-11-1-7-35HXG6Y7np4d.jpg,x,30X 6295
AQUA7_6295_checkin_2020-11-1-9-25jt16EUj2ub.jpg,,
AQUA7_6295_checkin_2020-11-1-9-26RTvTMDqAzz.jpg,,
AQUA7_6295_checkin_2020-11-1-9-32z7l8H2l00t.jpg,,
AQUA7_6295_checkoutex_2020-11-1-10-30RopLyYtXcV.jpg,,
AQUA7_6295_checkoutex_2020-11-1-10-31DgHpYJetvk.jpg,,
AQUA7_6295_checkoutex_2020-11-1-10-31scAOKz0PuW.jpg,,
AQUA7_6295_checkoutex_2020-11-1-10-31yZYhnNlJ2n.jpg,,
AQUA7_63829_checkin_2020-10-30-8-367BhOw0mNiB.jpg,x,30A 638.39
AQUA7_63839_checkin_2020-10-30-8-37KiSPp4kjs8.jpg,x,30A 638.39
AQUA7_63839_checkout_2020-10-30-8-45S5KniJtu_1.jpg,,
AQUA7_64038_checkin_2020-11-1-21-15v8WGwbm9Fn.jpg,,
AQUA7_65169_checkin_2020-10-26-10-44KVGU5eWgTQ.jpg,x,29A 651.69
AQUA7_65169_checkout_2020-10-26-10-50uf0q3cMkeW.jpg,,
AQUA7_65900_checkin_2020-11-1-23-17cDAUxnnDua.jpg,x,F65900
AQUA7_65946_checkin_2020-10-29-13-2rqJewLiUMW.jpg,,
AQUA7_66626_checkin_2020-11-1-11-19ipxCJRTEcI.jpg,,
AQUA7_66626_checkout_2020-11-1-11-34jVxkpgFhGP.jpg,,
AQUA7_66684_checkin_2020-10-27-9-280mCxNKwpBc.jpg,x,3DE 666.84
AQUA7_68500_checkout_2020-10-27-9-5i_bcxs0boz.jpg,,
AQUA7_68657_checkin_2020-10-28-11-42wbmH7lL86Y.jpg,,
AQUA7_68783_checkin_2020-11-1-13-40ww85ttaNPw.jpg,x,30A 687.82
AQUA7_68783_checkoutex_2020-11-1-17-14BRW0LXkfG8.jpg,,
AQUA7_69500_checkin_2020-10-27-8-52VOra7oQgLn.jpg,,
AQUA7_70189_checkin_2020-10-29-13-27ttD4mMkyCp.jpg,,
AQUA7_70190_checkin_2020-10-31-16-53nAHtEXVJkt.jpg,,
AQUA7_70190_checkin_2020-10-31-16-54xMCLq_Nbpl.jpg,x,DA70190
AQUA7_70190_checkout_2020-10-31-16-530RaE6m2Gdt.jpg,,
AQUA7_70190_checkout_2020-10-31-16-54d5H7_PkJoE.jpg,,
AQUA7_70266_checkin_2020-10-31-14-19qMJ5dqWm24.jpg,,
AQUA7_70703_checkin_2020-11-1-12-16CZ1iOZW_dE.jpg,,
AQUA7_70703_checkoutex_2020-11-1-14-41i6YwpL5adw.jpg,,
AQUA7_70924_checkin_2020-10-26-22-56e54RRM17m6.jpg,x,30P 709.24
AQUA7_70924_checkoutex_2020-10-27-11-26311U4J7icL.jpg,,
AQUA7_70998_checkin_2020-10-19-9-204I9BLTaVL2.jpg,,
AQUA7_70998_checkin_2020-10-19-9-22SbAlyL7CdQ.jpg,,
AQUA7_70998_checkout_2020-10-19-9-21ZBusqc4fXs.jpg,,
AQUA7_70998_checkout_2020-10-19-9-23Bw17L03XYO.jpg,,
AQUA7_71165_checkin_2020-10-26-13-398pMNoYVx3v.jpg,,
AQUA7_71165_checkin_2020-10-26-9-262502AqEmD2.jpg,,
AQUA7_71583_checkin_2020-10-27-14-53dHw0PU2f5_.jpg,,
AQUA7_71990_checkin_2020-11-1-10-59_RyT10JuPE.jpg,,
AQUA7_71990_checkout_2020-11-1-11-16E3vX5tdqcD.jpg,x,3DF 729.28
AQUA7_72285_checkin_2020-10-27-18-13dWnC3Y6m2r.jpg,,
AQUA7_72285_checkout_2020-10-27-22-59avau_R2Xrc.jpg,,
AQUA7_72928_checkin_2020-11-1-11-34XrIdsA7SR.jpg,x,3DF 729.28
AQUA7_74323_checkin_2020-11-1-9-133RsuFtqPM2.jpg,x,30E 743.23
AQUA7_74323_checkin_2020-11-1-9-13aSuoEFgwie.jpg,x,30E 743.23
AQUA7_74323_checkoutex_2020-11-1-10-14qyTBNthGaQ.jpg,,
AQUA7_74323_checkoutex_2020-11-1-14-37NC_mXqJOQo.jpg,,
AQUA7_74491_checkin_2020-10-26-15-28oGmxza_Fmn.jpg,,
AQUA7_74491_checkin_2020-10-28-14-479Lb8vcyAmy.jpg,,
AQUA7_74491_checkin_2020-10-30-9-381uzyNTHu6g.jpg,,
AQUA7_74905_checkin_2020-10-26-8-53GK3BWJjhCN.jpg,x,DP74905
AQUA7_76935_checkin_2020-10-30-16-1kcM9woS6Tm.jpg,,
AQUA7_77159_checkin_2020-11-1-12-48QgYhuroAvL.jpg,x,30F 771.59
AQUA7_77379_checkin_2020-10-22-8-24pD4oGUKZ7W.jpg,,
AQUA7_77379_checkin_2020-10-26-21-18VRYzNLn6P0.jpg,x,30E773
AQUA7_77379_checkin_2020-10-29-22-4Ftq5x7prc9.jpg,x,30E77379
AQUA7_77379_checkin_2020-11-2-17-21TJJedrlTtq.jpg,,
AQUA7_77408_checkin_2020-10-26-10-21aLdlhc6vdR.jpg,,
AQUA7_78286_checkin_2020-10-24-7-31j8u4yny31G.jpg,,
AQUA7_78286_checkoutex_2020-10-24-7-35_t4_Sdhb7B.jpg,,
AQUA7_78286_checkoutex_2020-10-24-7-37M94biu80Qy.jpg,,
AQUA7_78286_checkoutex_2020-10-24-7-37tRlW2XQs2f.jpg,,
AQUA7_78286_checkout_2020-10-24-7-32GfLy_aAFON.jpg,,
AQUA7_78286_checkout_2020-10-24-7-32zfVFCaPlAM.jpg,,
AQUA7_78287_checkoutex_2020-10-24-9-449wyKFhUckx.jpg,,
AQUA7_78907_checkin_2020-10-29-21-38Forloaoc3g.jpg,,
AQUA7_79295_checkin_2020-10-29-21-31MMeDDIeGWU.jpg,,
AQUA7_79515_checkin_2020-10-26-9-36XbNR2kfWhb.jpg,x,30F79515
AQUA7_79515_checkout_2020-10-26-9-43dxhE_FoorA.jpg,,
AQUA7_7L725Y_checkin_2020-10-23-14-39kOLEd7f1Ct.jpg,,
AQUA7_8006_checkin_2020-10-27-15-55lEKUovJVCl.jpg,,
AQUA7_80242_checkin_2020-10-27-19-52tHpWrSlOaS.jpg,,
AQUA7_80377_checkin_2020-10-30-19-32kOAinTr9Go.jpg,,
AQUA7_80717_checkin_2020-10-31-10-490ZeciSuDOE.jpg,,
AQUA7_80744_checkin_2020-10-26-12-238iu2MU97OU.jpg,,
AQUA7_80744_checkin_2020-10-26-14-54dqRyEOofRo.jpg,,
AQUA7_80744_checkin_2020-10-31-8-34Ml3PuWvVYJ.jpg,,
AQUA7_80744_checkoutex_2020-10-26-14-42rYIGpMtC4p.jpg,,
AQUA7_81525_checkin_2020-10-31-11-234bPF9JdCBi.jpg,,
AQUA7_81839_checkin_2020-10-27-9-19wQC4yMLDcC.jpg,x,29C 818.39
AQUA7_81839_checkoutex_2020-10-27-11-47JtrzhI88Oq.jpg,,
AQUA7_82271_checkout_2020-11-1-7-56fREu4K9PLI.jpg,,
AQUA7_82771_checkin_2020-10-30-22-522A87E_3Pjd.jpg,,
AQUA7_82771_checkin_2020-11-1-7-42qzNT0orBVD.jpg,,
AQUA7_88013_checkin_2020-10-22-8-33V3a8B55XY1.jpg,x,30F 880.13
AQUA7_88459_checkin_2020-11-1-13-240yObiNh7kA.jpg,x,30A 884.59
AQUA7_89A07379_checkin_2020-10-19-12-11cPQPwTOd90.jpg,x,89A 073.79
AQUA7_89A07379_checkin_2020-10-19-9-521ib3jDc4nz.jpg,x,9A07329
AQUA7_90257_checkin_2020-11-1-10-53QOGuXQRFS_.jpg,x,30E90257
AQUA7_90489_checkin_2020-10-31-20-45ornkDNHOD3.jpg,,
AQUA7_91177_checkin_2020-10-27-9-51IC0IB7Un_5.jpg,x,30E91177
AQUA7_91177_checkin_2020-10-29-13-425U6b6MFEoN.jpg,,
AQUA7_91177_checkin_2020-10-29-13-6OyGuWtJecr.jpg,x,30E91177
AQUA7_94901_checkin_2020-10-27-9-435ID31Js5gX.jpg,,
AQUA7_95191_checkin_2020-10-27-10-42TNC7YThCI5.jpg,,
AQUA7_96416_checkin_2020-10-26-12-39HnFWXE6QO5.jpg,x,30E 964.16
AQUA7_97571_checkin_2020-10-31-8-14_cKFNdgqbd.jpg,,
AQUA7_97662_checkin_2020-11-2-17-37AU9BTVtt4r.jpg,x,3097662
AQUA7_97974_checkin_2020-10-31-22-7BdoQs_fulx.jpg,x,30E97974
AQUA7_97974_checkin_2020-10-31-22-7Z6G0B5MPnd.jpg,x,30E97974
AQUA7_98131_checkin_2020-10-28-10-4176MZYPMvfp.jpg,,
AQUA7_98A 17339_checkout_2020-10-19-12-112VJOs3NnPd.jpg,x,98A 1733
AQUA7_98A17339_checkin_2020-10-19-12-10cUK6OHeUFG.jpg,x,98A 173.39
AQUA7_99015_checkin_2020-11-1-12-29kRe7c09_eC.jpg,x,30P 9905
AQUA7_99015_checkout_2020-11-1-12-40wCC0WrGVMz.jpg,x,3DF 5E7.45
AQUA7_99279_checkin_2020-10-26-10-23NGKYLETE6t.jpg,x,DA99279
AQUA7_99A27405_checkin_2020-10-28-14-393rHOQhDOMz.jpg,,
AQUA7_NULL_checkin_2020-10-19-10-3VNDtBDGikR.jpg,x,89A 200.61
AQUA7_NULL_checkin_2020-10-19-9-58edNJa1hMff.jpg,x,N07379
AQUA7_NULL_checkin_2020-11-1-15-93yek_xsMxg.jpg,,
AQUA7_null_checkoutex_2020-10-19-9-54p8E5SGkFNA.jpg,,
AQUA7_null_checkoutex_2020-10-24-10-4743WmXT0nyl.jpg,,
AQUA7_null_checkoutex_2020-10-24-10-4795kbPx1lMA.jpg,,
AQUA7_null_checkoutex_2020-10-24-11-2l6f7w77mB8.jpg,,
AQUA7_null_checkoutex_2020-10-24-11-2VwqfMV8m9C.jpg,,
AQUA7_null_checkoutex_2020-10-24-11-5lN2Dkkywfh.jpg,,
AQUA7_null_checkout_2020-10-19-10-3npZ7kbHMSM.jpg,x,89A 2006
AQUA7_null_checkout_2020-10-19-9-510RiK3jp3Z6.jpg,x,9A07379
AQUA7_null_checkout_2020-10-19-9-52024MDvOIjq.jpg,,
AQUA7__checkout_2020-10-25-12-29Q6KjC42bgF.jpg,,
AQUA7__checkout_2020-10-31-8-2043dwdktLyf.jpg,,
AQUA7__checkout_2020-11-2-13-28WN7I3oqNuW.jpg,x,30F 256.97
AQUA7__checkout_2020-11-2-13-29WhW6tuteYi.jpg,x,3DF 256.97
AQUA7__checkout_2020-11-2-16-59d11weiJHVB.jpg,x,A08211
AQUA7__checkout_2020-11-2-9-6J9V3FoMsc_.jpg,x,89A10868
